smiles,exp_mean [nM],y,cliff_mol,split
C[C@H](CCC(=O)NCC(=O)O)[C@H]1CC[C@H]2[C@H]3[C@H](CC[C@@]21C)[C@@]1(C)CC[C@@H](O)C[C@H]1C[C@H]3O,3000.0,-3.4771212547196626,0,train
C[C@H](CCC(=O)O)C1CC[C@H]2[C@H]3[C@H](CC[C@]12C)[C@@]1(C)CC[C@@H](O)CC1[C@@H](C)[C@H]3O,750.0,-2.8750612633917,1,train
C[C@H](CCC(=O)NCCS(=O)(=O)O)[C@H]1CC[C@H]2[C@H]3[C@H](CC[C@@]21C)[C@@]1(C)CC[C@@H](O)C[C@H]1C[C@H]3O,3000.0,-3.4771212547196626,0,train
CCC[C@@H]1C2C[C@H](O)CC[C@]2(C)[C@H]2CC[C@]3(C)C([C@H](C)CCC(=O)O)CC[C@H]3[C@@H]2[C@@H]1O,1110.0,-3.0453229787866576,1,train
CC(C)c1onc(-c2c(Cl)cccc2Br)c1COc1ccc(/C=C/c2cccc(C(=O)O)c2)c(Cl)c1,12.0,-1.0791812460476249,1,test
Cc1cc(OCc2c(-c3c(Cl)cccc3Cl)noc2C(C)C)ccc1/C=C/c1cccc(C(=O)O)c1,47.0,-1.6720978579357175,0,train
CCc1onc(Cc2c(Cl)cccc2Cl)c1COc1ccc(/C=C/c2cccc(C(=O)O)c2)c(Cl)c1,60.0,-1.7781512503836436,1,train
CCc1onc(-c2c(F)cccc2C(F)(F)F)c1COc1ccc(/C=C/c2cccc(C(=O)O)c2)c(Cl)c1,54.0,-1.7323937598229686,0,test
Cc1cc(OCc2c(-c3c(Cl)cccc3Cl)noc2C(C)C)cc(C)c1/C=C/c1ccc(C(=O)O)cc1,37.0,-1.568201724066995,0,test
Cc1cc(OCc2c(-c3c(Cl)cccc3Cl)noc2C)cc(C)c1/C=C/c1cccc(C(=O)O)c1,70.0,-1.845098040014257,0,train
Cc1cc(OCc2c(-c3c(Cl)cccc3Cl)noc2C(C)C)cc(C)c1/C=C/c1cccc(C(=O)O)c1,100.0,-2.0,1,train
CCc1onc(-c2ccccc2OC(F)(F)F)c1COc1ccc(/C=C/c2cccc(C(=O)O)c2)c(Cl)c1,48.0,-1.6812412373755872,0,train
CCc1onc(-c2c(Cl)cccc2Cl)c1COc1cc(C)c(/C=C/c2ccc(C(=O)O)cc2)c(C)c1,100.0,-2.0,0,train
C=CC[C@@H]1C2C[C@H](O)CC[C@]2(C)[C@H]2CC[C@]3(C)C([C@H](C)CCC(=O)O)CC[C@H]3[C@@H]2[C@@H]1O,480.0,-2.681241237375587,1,test
C[C@H](CCC(=O)O)C1CC[C@H]2[C@H]3[C@H](CC[C@]12C)[C@@]1(C)CC[C@@H](O)CC1[C@@H](CCO)[C@H]3O,61150.0,-4.786396461372305,1,train
C#CC[C@@H]1C2C[C@H](O)CC[C@]2(C)[C@H]2CC[C@]3(C)C([C@H](C)CCC(=O)O)CC[C@H]3[C@@H]2[C@@H]1O,540.0,-2.7323937598229686,1,test
CO[C@@H]1C2C[C@H](O)CC[C@]2(C)[C@H]2CC[C@]3(C)C([C@H](C)CCC(=O)O)CC[C@H]3[C@@H]2[C@@H]1O,14730.0,-4.168202746842631,1,train
C[C@H](CCC(=O)O)[C@H]1CC[C@H]2[C@H]3[C@H](CC[C@@]21C)[C@@]1(C)CCCC[C@H]1C[C@H]3O,1300.0,-3.113943352306837,0,train
C[C@@H](C1CC[C@H]2[C@H]3[C@H](CC[C@]12C)[C@@]1(C)CC[C@@H](O)CC1C[C@H]3O)[C@H](O)CC(=O)O,33180.0,-4.520876381688342,0,train
C[C@H](CCN)C1CC[C@H]2[C@H]3[C@H](CC[C@]12C)[C@@]1(C)CC[C@@H](O)CC1C[C@H]3O,9680.0,-3.9858753573083936,0,train
CCOC(=O)NCC[C@@H](C)C1CC[C@H]2[C@H]3[C@H](CC[C@]12C)[C@@]1(C)CC[C@@H](O)CC1C[C@H]3O,2720.0,-3.4345689040341987,0,train
C[C@H](CCCOS(=O)(=O)O)C1CC[C@H]2[C@H]3[C@H](CC[C@]12C)[C@@]1(C)CC[C@@H](O)CC1C[C@H]3O,5990.0,-3.7774268223893115,0,test
C[C@H](CCCS(=O)(=O)O)C1CC[C@H]2[C@H]3[C@H](CC[C@]12C)[C@@]1(C)CC[C@@H](O)CC1C[C@H]3O,4550.0,-3.6580113966571126,0,test
COC(=O)/C=C/c1cccc(N(Cc2ccc(/C=C/c3c(Cl)cccc3Cl)cc2)C(=O)C(C)C)c1,195.0,-2.290034611362518,0,train
COC(=O)/C=C/c1cccc(N(Cc2ccc(/C=C/c3cc(C(F)(F)F)cc(C(F)(F)F)c3)cc2)C(=O)C2CCCCC2)c1,1470.0,-3.167317334748176,0,train
COC(=O)/C=C/c1cccc(N(Cc2ccc(/C=C/c3cc(C(F)(F)F)cc(C(F)(F)F)c3)cc2)C(=O)C(C)C)c1,1950.0,-3.290034611362518,0,train
COC(=O)/C=C/c1cccc(N(Cc2ccc(/C=C/c3cccc(C(F)(F)F)c3)cc2)C(=O)C(C)C)c1,267.0,-2.4265112613645754,0,train
COC(=O)/C=C/c1cccc(N(Cc2ccc(/C=C/c3cccc(C(F)(F)F)c3)cc2)C(=O)NC(C)C)c1,932.0,-2.9694159123539814,0,train
COC(=O)/C=C/c1cccc(N(Cc2ccc(/C=C/c3c(F)cccc3F)cc2)C(=O)C(C)C)c1,108.0,-2.03342375548695,0,train
COC(=O)/C=C/c1cccc(N(Cc2ccc(/C=C/c3ccccc3F)cc2)C(=O)C2CCCCC2)c1,64.0,-1.806179973983887,0,train
COC(=O)/C=C/c1cccc(N(Cc2ccc(/C=C/c3ccccc3F)cc2)C(=O)NC(C)C)c1,431.0,-2.6344772701607315,1,train
COC(=O)/C=C/c1cccc(N(Cc2ccc(/C=C/c3c(C)cc(C)cc3C)cc2)C(=O)C(C)C)c1,149.0,-2.173186268412274,0,test
COC(=O)/C=C/c1cccc(N(Cc2ccc(/C=C/c3c(C)cc(C)cc3C)cc2)C(=O)NC(C)C)c1,431.0,-2.6344772701607315,0,train
COC(=O)/C=C/c1cccc(N(Cc2ccc(/C=C/c3cccc(F)c3)cc2)C(=O)C2CCCCC2)c1,86.0,-1.9344984512435677,0,train
COC(=O)/C=C/c1cccc(N(Cc2ccc(/C=C/c3cccc(F)c3)cc2)C(=O)C(C)C)c1,71.0,-1.8512583487190752,0,test
COC(=O)/C=C/c1cccc(N(Cc2ccc(/C=C/c3ccc(F)cc3)cc2)C(=O)C(C)C)c1,120.0,-2.0791812460476247,0,train
COC(=O)/C=C/c1cccc(N(Cc2ccc(/C=C/c3ccc(F)cc3)cc2)C(=O)NC(C)C)c1,348.0,-2.5415792439465807,0,train
COC(=O)/C=C/c1cccc(N(Cc2ccc(/C=C/c3ccccn3)cc2)C(=O)C2CCCCC2)c1,309.0,-2.4899584794248346,0,train
COC(=O)/C=C/c1cccc(N(Cc2ccc(/C=C/c3ccccn3)cc2)C(=O)C(C)C)c1,310.0,-2.4913616938342726,0,test
COC(=O)/C=C/c1cccc(N(Cc2ccc(/C=C/c3scnc3C)cc2)C(=O)C2CCCCC2)c1,227.0,-2.3560258571931225,0,train
COC(=O)/C=C/c1cccc(N(Cc2ccc(/C=C/c3scnc3C)cc2)C(=O)C(C)C)c1,228.0,-2.357934847000454,0,train
COC(=O)/C=C/c1cccc(N(Cc2ccc(-c3ccc(F)c(F)c3)cc2)C(=O)C2CCCCC2)c1,72.0,-1.8573324964312685,0,train
COC(=O)/C=C/c1cccc(N(Cc2ccc(-c3ccc(SC)cc3)cc2)C(=O)C(C)C)c1,51.0,-1.7075701760979363,1,train
COC(=O)/C=C/c1cccc(N(Cc2ccc(-c3cccc(OC)c3)cc2)C(=O)C2CCCCC2)c1,77.31,-1.8882356732705672,1,train
COC(=O)/C=C/c1cccc(N(Cc2ccc(-c3cccc(OC)c3)cc2)C(=O)NC(C)C)c1,1370.0,-3.1367205671564067,1,train
CCOc1cccc(-c2ccc(CN(C(=O)C3CCCCC3)c3cccc(/C=C/C(=O)OC)c3)cc2)c1,147.0,-2.167317334748176,0,test
CCOc1cccc(-c2ccc(CN(C(=O)C(C)C)c3cccc(/C=C/C(=O)OC)c3)cc2)c1,173.0,-2.2380461031287955,0,train
COC(=O)/C=C/c1cccc(N(Cc2ccc(-c3ccc(OC)cc3)cc2)C(=O)C2CCCCC2)c1,89.0,-1.9493900066449128,0,test
COC(=O)/C=C/c1cccc(N(Cc2ccc(-c3ccc(OC)cc3)cc2)C(=O)C(C)C)c1,97.0,-1.9867717342662448,1,train
COC(=O)/C=C/c1cccc(N(Cc2ccc(-c3cccc(Cl)c3)cc2)C(=O)C2CCCCC2)c1,94.0,-1.9731278535996986,1,train
COC(=O)/C=C/c1cccc(N(Cc2ccc(-c3cccc(Cl)c3)cc2)C(=O)C(C)C)c1,77.0,-1.8864907251724818,1,test
COC(=O)/C=C/c1cccc(N(Cc2ccc(-c3ccc(C)cc3)cc2)C(=O)C(C)C)c1,118.0,-2.0718820073061255,1,test
COC(=O)/C=C/c1cccc(N(Cc2ccc(-c3ccc(C)cc3)cc2)C(=O)NC(C)C)c1,449.0,-2.6522463410033232,0,train
COC(=O)/C=C/c1cccc(N(Cc2ccc(-c3cccc(C)c3)cc2)C(=O)C2CCCCC2)c1,109.0,-2.037426497940624,1,train
COC(=O)/C=C/c1cccc(N(Cc2ccc(-c3cccc(C)c3)cc2)C(=O)C(C)C)c1,163.0,-2.2121876044039577,0,test
COC(=O)/C=C/c1cccc(N(Cc2ccc(-c3cc(Cl)ccc3OC)cc2)C(=O)C(C)C)c1,226.0,-2.3541084391474008,0,test
COC(=O)/C=C/c1cccc(N(Cc2ccc(-c3ccc4c(c3)OCO4)cc2)C(=O)C2CCCCC2)c1,38.0,-1.5797835966168101,0,train
COC(=O)/C=C/c1cccc(N(Cc2ccc(-c3ccc4c(c3)OCO4)cc2)C(=O)C(C)C)c1,19.025,-1.2793246654426105,1,train
COC(=O)/C=C/c1cccc(N(Cc2ccc(-c3ccc4c(c3)OCO4)cc2)C(=O)NC(C)C)c1,96.0,-1.9822712330395684,0,train
COC(=O)/C=C/c1cccc(N(Cc2ccc(-c3ccc(F)c(Cl)c3)cc2)C(=O)C2CCCCC2)c1,66.0,-1.8195439355418688,0,train
COC(=O)/C=C/c1cccc(N(Cc2ccc(-c3ccc(OC(F)(F)F)cc3)cc2)C(=O)C(C)C)c1,219.0,-2.3404441148401185,0,train
COC(=O)/C=C/c1cccc(N(Cc2ccc(-c3cccc(OC(F)(F)F)c3)cc2)C(=O)C(C)C)c1,247.0,-2.392696953259666,0,test
COC(=O)/C=C/c1cccc(N(Cc2ccc(-c3c(OC)cccc3OC)cc2)C(=O)C2CCCCC2)c1,77.0,-1.8864907251724818,0,train
COC(=O)/C=C/c1cccc(N(Cc2ccc(-c3c(OC)cccc3OC)cc2)C(=O)C(C)C)c1,95.0,-1.9777236052888478,0,train
COC(=O)/C=C/c1cccc(N(Cc2ccc(-c3ccc(N(C)C)cc3)cc2)C(=O)C2CCCCC2)c1,25.0,-1.3979400086720377,1,train
COC(=O)/C=C/c1cccc(N(Cc2ccc(-c3ccc(N(C)C)cc3)cc2)C(=O)C(C)C)c1,57.0,-1.7558748556724915,1,test
COC(=O)/C=C/c1cccc(N(Cc2ccc(-c3ccc(N(C)C)cc3)cc2)C(=O)NC(C)C)c1,162.0,-2.2095150145426308,0,train
COC(=O)/C=C/c1cccc(N(Cc2ccc(-c3ccc(C(C)(C)C)cc3)cc2)C(=O)C2CCCCC2)c1,132.0,-2.12057393120585,0,train
COC/C=C/c1cccc(N(Cc2ccc(/C=C/C(=O)OC(C)(C)C)cc2)C(=O)C2CCCCC2)c1,243.0,-2.385606273598312,0,train
CCOC/C=C/c1cccc(N(Cc2ccc(/C=C/C(=O)OC(C)(C)C)cc2)C(=O)C2CCCCC2)c1,220.0,-2.342422680822206,0,train
COC(=O)/C=C/c1cccc(N(Cc2ccc(/C=C/C(=O)OC(C)(C)C)cc2)C(=O)c2ccccc2)c1,236.0,-2.3729120029701067,0,train
COC(=O)/C=C/c1cccc(N(Cc2ccc(/C=C/C(=O)OC(C)(C)C)cc2)C(=O)c2ccco2)c1,205.0,-2.311753861055754,0,train
COC(=O)/C=C/c1cccc(N(Cc2ccc(/C=C/C(=O)OC(C)(C)C)cc2)C(=O)NC(C)C)c1,212.0,-2.3263358609287517,0,train
COC(=O)/C=C/c1cccc(N(C(=O)C2CCCCC2)c2ccc3ccccc3c2)c1,680.0,-2.832508912706236,0,test
COC(=O)/C=C/c1cccc(N(Cc2ccc3c(c2OC)OC(C)(C)C=C3)C(=O)C2CCCCC2)c1,358.0,-2.5538830266438746,0,train
COC(=O)/C=C/c1cccc(N(Cc2ccc3c(c2OC)OC(C)(C)C2C3C2(Cl)Cl)C(=O)c2ccccc2)c1,333.0,-2.5224442335063197,0,train
COC/C=C/c1ccc(CN(C(=O)C2CCCCC2)c2cccc(/C=C/C(=O)OC)c2)cc1,233.0,-2.367355921026019,0,train
COC(=O)/C=C/c1cccc(N(Cc2ccc(-c3cccc(C(C)=O)c3)cc2)C(=O)C2CCCCC2)c1,227.0,-2.3560258571931225,0,test
COC(=O)/C=C/c1cccc(N(Cc2ccc(-c3ccc(SC)cc3)cc2)C(=O)C2CCCCC2)c1,69.0,-1.8388490907372552,0,train
COC(=O)/C=C/c1cccc(N(Cc2ccc(-c3ccc(C)s3)cc2)C(=O)C2CCCCC2)c1,206.0,-2.3138672203691533,0,train
COC(=O)/C=C/c1cccc(N(Cc2ccc(-c3ccc(C(C)=O)s3)cc2)C(=O)C2CCCCC2)c1,256.0,-2.4082399653118496,1,train
COC(=O)/C=C/c1cccc(N(Cc2ccc(/C=C/c3ccc(OC)cc3)cc2)C(=O)C2CCCCC2)c1,208.0,-2.3180633349627615,0,train
CC(C)(C)OC(=O)/C=C/c1ccc(CN(C(=O)C2CCCCC2)c2cccc(/C=C/C(=O)OC(C)(C)C)c2)cc1,1000.0,-3.0,0,train
COC(=O)/C=C/c1cccc(N(Cc2cc(OC)cc(OC)c2)C(=O)C2CCCCC2)c1,604.28,-2.7812382205377566,0,train
COC(=O)/C=C/c1cccc(N(Cc2ccc(/C=C/C(=O)O)cc2)C(=O)C2CCCCC2)c1,1000.0,-3.0,1,train
COC(=O)/C=C/c1cccc(N(Cc2ccc(/C=C/C(=O)OC(C)(C)C)cc2O)C(=O)C2CCCCC2)c1,1000.0,-3.0,0,train
COC(=O)/C=C/c1cccc(N(Cc2ccc(/C=C/c3c(Cl)cccc3Cl)cc2)C(=O)C2CCCCC2)c1,150.68,-2.17805561153123,0,train
COC(=O)/C=C/c1cccc(N(Cc2ccc(/C=C/c3cccc(Cl)c3)cc2)C(=O)C2CCCCC2)c1,165.48000000000002,-2.2187455122234745,0,test
COC(=O)/C=C/c1cccc(N(Cc2ccc(/C=C/c3cccc(Cl)c3)cc2)C(=O)C(C)C)c1,163.09,-2.212427332726591,0,test
COC(=O)/C=C/c1cccc(N(Cc2ccc(/C=C/c3ccccc3F)cc2)C(=O)C(C)C)c1,70.39500000000001,-1.847541813268176,0,train
COC(=O)/C=C/c1cccc(N(Cc2ccc(/C=C/c3ccccc3)cc2)C(=O)C(C)C)c1,64.785,-1.8114744631031798,0,train
COC(=O)/C=C/c1cccc(N(Cc2ccc(/C=C/c3cccc(F)c3)cc2)C(=O)NC(C)C)c1,467.37,-2.6696608320343813,0,train
COC(=O)/C=C/c1cccc(N(Cc2ccc(/C=C/c3ccc(F)cc3)cc2)C(=O)C2CCCCC2)c1,185.605,-2.2685896714688383,0,train
COC(=O)/C=C/c1cccc(N(Cc2ccc(-c3cccc(OC)c3)cc2)C(=O)C(C)C)c1,72.22,-1.8586574840908079,1,test
COC(=O)/C=C/c1cccc(N(Cc2ccc(-c3cccc(Cl)c3)cc2)C(=O)NC(C)C)c1,1406.27,-3.148068712044147,1,train
COC(=O)/C=C/c1cccc(N(Cc2ccc(-c3cccc(C)c3)cc2)C(=O)NC(C)C)c1,1324.13,-3.121930625217794,1,train
COC(=O)/C=C/c1cccc(N(Cc2ccc(-c3cc(Cl)ccc3OC)cc2)C(=O)C2CCCCC2)c1,233.71,-2.3686772954127857,0,train
COC(=O)/C=C/c1cccc(N(Cc2ccc(-c3ccc(F)c(Cl)c3)cc2)C(=O)C(C)C)c1,128.91,-2.1102866084035656,1,train
COC(=O)/C=C/c1cccc(N(Cc2ccc(-c3ccc(OC(F)(F)F)cc3)cc2)C(=O)C2CCCCC2)c1,263.515,-2.42080534149094,0,train
COC(=O)/C=C/c1cccc(N(Cc2ccc(-c3cccc(OC(F)(F)F)c3)cc2)C(=O)C2CCCCC2)c1,418.435,-2.621628003945102,0,train
COC(=O)/C=C/c1cccc(N(Cc2ccc(-c3c(OC)cccc3OC)cc2)C(=O)NC(C)C)c1,561.6700000000001,-2.74948122789537,0,train
COc1c(CN(C(=O)C2CC2)c2ccccc2)ccc2c1OC(C)(C)C=C2,10000.0,-4.0,0,train
CCC(CC)(c1ccc(OCC(=O)O)c(C)c1)c1ccc(OCc2c(-c3c(Cl)cccc3Cl)noc2C(C)C)c(C)c1,3400.0,-3.531478917042255,0,train
C[C@H](CCNC(=O)OCc1cccs1)C1CC[C@H]2[C@H]3[C@H](CC[C@]12C)[C@@]1(C)CC[C@@H](O)CC1C[C@H]3O,410.0,-2.6127838567197355,0,train
C[C@H](CCNC(=O)OCc1ccc(C(=O)O)cc1)C1CC[C@H]2[C@H]3[C@H](CC[C@]12C)[C@@]1(C)CC[C@@H](O)CC1C[C@H]3O,7110.0,-3.851869600729766,0,train
COc1ccc(COC(=O)NCC[C@@H](C)C2CC[C@H]3[C@H]4[C@H](CC[C@]23C)[C@@]2(C)CC[C@@H](O)CC2C[C@H]4O)cc1,1480.0,-3.1702617153949575,0,test
C[C@H](CCNC(=O)OCc1ccccc1)C1CC[C@H]2[C@H]3[C@H](CC[C@]12C)[C@@]1(C)CC[C@@H](O)CC1C[C@H]3O,790.0,-2.8976270912904414,0,train
C[C@H](CCNC(=O)OC1C2CC3CC(C2)CC1C3)C1CC[C@H]2[C@H]3[C@H](CC[C@]12C)[C@@]1(C)CC[C@@H](O)CC1C[C@H]3O,600.0,-2.7781512503836434,0,train
C[C@H](CCNC(=O)OC1CCCCC1)C1CC[C@H]2[C@H]3[C@H](CC[C@]12C)[C@@]1(C)CC[C@@H](O)CC1C[C@H]3O,1140.0,-3.0569048513364727,0,train
CC(C)OC(=O)NCC[C@@H](C)C1CC[C@H]2[C@H]3[C@H](CC[C@]12C)[C@@]1(C)CC[C@@H](O)CC1C[C@H]3O,2500.0,-3.3979400086720375,0,test
C[C@H](C[C@@H](C)[C@H]1CC[C@H]2[C@H]3[C@H](CC[C@@]21C)[C@@]1(C)CC[C@@H](O)CC1C[C@H]3O)C(=O)O,10500.0,-4.021189299069938,0,train
CC[C@@H]1C2C[C@H](O)CC[C@]2(C)[C@H]2CC[C@@]3(C)[C@@H](CC[C@@H]3[C@H](C)C[C@H](C)C(=O)O)[C@@H]2[C@@H]1O,11800.0,-4.071882007306125,0,train
CCCNC(=O)c1cccc(/C=C/c2ccc(OCc3c(-c4c(Cl)cccc4Cl)noc3C(C)C)cc2Cl)c1,9000.0,-3.9542425094393248,0,train
CC(C)(C)c1onc(-c2c(Cl)cccc2Cl)c1COc1ccc(C(=O)Nc2cccc(C(=O)O)c2)c(Cl)c1,1300.0,-3.113943352306837,0,train
CC(C)(C)c1onc(-c2c(Cl)cccc2Cl)c1COc1ccc(/C=C/c2cccc(C(=O)O)c2)c(Cl)c1,1300.0,-3.113943352306837,1,train
CC(C)c1onc(-c2c(Cl)cccc2Cl)c1COc1ccc(C(=O)N(CCc2ccccc2)c2cccc(C(=O)O)c2)c(Cl)c1,840.0,-2.9242792860618816,0,train
CC(C)c1onc(-c2c(Cl)cccc2Cl)c1COc1ccc(C(=O)N(Cc2ccccc2)c2cccc(C(=O)O)c2)c(Cl)c1,2500.0,-3.3979400086720375,0,train
CCCN(C(=O)c1ccc(OCc2c(-c3c(Cl)cccc3Cl)noc2C(C)C)cc1Cl)c1cccc(C(=O)O)c1,2100.0,-3.322219294733919,0,train
CC(C)c1onc(-c2c(Cl)cccc2Cl)c1COc1ccc(C(=O)N(C)c2cccc(C(=O)O)c2)c(Cl)c1,3100.0,-3.4913616938342726,0,train
CC(C)c1onc(-c2c(Cl)cccc2Cl)c1COc1ccc(C(=O)Nc2cccc(C(=O)O)c2)c(Cl)c1,3000.0,-3.4771212547196626,0,train
CC(C)c1onc(-c2c(Cl)cccc2Cl)c1COc1ccc(/C=C/c2cccc(C(=O)N(Cc3ccccc3)Cc3ccccc3)c2)c(Cl)c1,35100.0,-4.545307116465824,0,test
C[C@H](CCCO)[C@H]1CC[C@H]2[C@H]3[C@H](CC[C@@]21C)[C@@]1(C)CC[C@@H](O)C[C@H]1C[C@H]3O,6000.0,-3.778151250383644,0,train
CC1C[C@@H]2C[C@H](O)CC[C@]2(C)[C@H]2CC[C@@]3(C)[C@@H](CC[C@@H]3[C@H](C)CCC(=O)O)[C@H]12,16200.0,-4.209515014542631,0,train
C[C@H]1C[C@@H]2CCCC[C@]2(C)[C@H]2CC[C@@]3(C)[C@@H](CC[C@@H]3[C@H](C)CCC(=O)NCCS(=O)(=O)O)[C@H]12,10600.0,-4.02530586526477,0,test
CCOC(=O)C1=CN(C(=O)c2ccc(F)cc2)CCc2c1[nH]c1ccccc21,600.0,-2.7781512503836434,1,train
CC(C)OC(=O)C1=CN(C(=O)c2ccc(F)cc2)CCc2c1[nH]c1ccccc21,500.0,-2.6989700043360187,0,test
CCCOC(=O)C1=CN(C(=O)c2ccc(F)cc2)CCc2c1[nH]c1ccccc21,500.0,-2.6989700043360187,0,train
CCCCOC(=O)C1=CN(C(=O)c2ccc(F)cc2)CCc2c1[nH]c1ccccc21,1100.0,-3.041392685158225,1,train
CCOC(=O)C1=CN(C(=O)c2ccc(F)cc2)CC(C)c2c1[nH]c1ccccc21,57.0,-1.7558748556724915,1,test
CCOC(=O)C1=CN(C(=O)c2ccc(Cl)cc2)CC(C)c2c1[nH]c1ccccc21,73.0,-1.863322860120456,0,train
CCOC(=O)C1=CN(C(=O)c2ccc(OC)cc2)CC(C)c2c1[nH]c1ccccc21,60.0,-1.7781512503836436,0,train
CCOC(=O)C1=CN(C(=O)c2ccc(F)c(F)c2)CC(C)c2c1[nH]c1ccccc21,32.0,-1.505149978319906,0,train
CCOC(=O)C1=CN(C(=O)c2ccc(F)cc2)CC(C)(C)c2c1[nH]c1ccccc21,22.0,-1.3424226808222062,0,train
CCOC(=O)C1=CN(C(=O)c2ccc(Cl)cc2)CC(C)(C)c2c1[nH]c1ccccc21,25.0,-1.3979400086720377,0,train
CCOC(=O)C1=CN(C(=O)c2ccc(OC)cc2)CC(C)(C)c2c1[nH]c1ccccc21,29.0,-1.462397997898956,0,train
CC(C)OC(=O)C1=CN(C(=O)c2ccc(F)cc2)CC(C)(C)c2c1[nH]c1ccccc21,8.0,-0.9030899869919435,0,train
CC(C)OC(=O)C1=CN(C(=O)c2ccc(F)c(F)c2)CC(C)(C)c2c1[nH]c1ccccc21,17.0,-1.2304489213782739,0,train
Cc1cccc(COc2cccc(/C=C3\C(=O)NN(c4ccccc4)C3=O)c2)c1,5150.0,-3.711807229041191,0,train
O=C1NN(c2ccccc2)C(=O)/C1=C/c1cccc(OCc2cccc(F)c2)c1,4790.0,-3.680335513414563,0,train
O=C1NN(c2ccccc2)C(=O)/C1=C/c1cccc(OCc2cccc(C(F)(F)F)c2)c1,6920.0,-3.840106094456758,0,train
O=C1NN(c2ccccc2)C(=O)/C1=C/c1cccc(OCc2ccc(C(F)(F)F)cc2)c1,2040.0,-3.3096301674258988,0,test
Cc1cccc(COc2cccc(/C=C3\C(=O)NN(c4ccccc4[N+](=O)[O-])C3=O)c2)c1,5370.0,-3.7299742856995555,0,train
Cc1cccc(COc2cccc(/C=C3\C(=O)NN(C(=O)c4ccc(F)cc4)C3=O)c2)c1,1860.0,-3.269512944217916,0,train
Cc1cccc(COc2cccc(/C=C3\C(=O)NN(C(=O)c4ccncc4)C3=O)c2)c1,2400.0,-3.380211241711606,0,train
O=C1NN(C(=O)c2ccccc2)C(=O)/C1=C/c1ccc(OCc2ccccc2)cc1,3980.0,-3.5998830720736876,0,train
O=C1NN(C(=O)c2ccco2)C(=O)/C1=C/c1ccc(OCc2ccccc2)cc1,3310.0,-3.519827993775719,0,train
O=C1C(=Cc2ccc(OCc3ccccc3)cc2)C(=O)N(c2ccccc2)N1c1ccccc1,6310.0,-3.8000293592441343,0,test
CCOC(=O)C(=Cc1ccc(OCc2ccccc2)cc1)C(=O)OCC,6170.0,-3.7902851640332416,0,test
O=C1C(=Cc2cccc([N+](=O)[O-])c2)C(=O)N(c2ccccc2)N1c1ccccc1,4270.0,-3.630427875025024,0,train
COc1ccccc1-c1noc(C(C)C)c1COc1ccc(/C=C/c2cccc(C(=O)O)c2)c(Cl)c1,10000.0,-4.0,0,train
Cc1cc(OCc2c(-c3c(Cl)cncc3Cl)noc2C(C)C)ccc1-c1ccc2c(C(=O)O)cn(C)c2c1,900.0,-2.9542425094393248,1,train
Cc1cc(OCc2c(-c3c(Cl)c[n+]([O-])cc3Cl)noc2C(C)C)ccc1-c1ccc2c(C(=O)O)cn(C)c2c1,102.0,-2.0086001717619175,0,train
Cc1cc(OCc2c(-c3cc[nH]c(=O)c3Cl)noc2C(C)C)ccc1-c1ccc2c(C(=O)O)cn(C)c2c1,5000.0,-3.6989700043360187,0,train
Cc1cc(OCc2c(-c3ccn(C)c(=O)c3Cl)noc2C(C)C)ccc1-c1ccc2c(C(=O)O)cn(C)c2c1,7000.0,-3.845098040014257,0,train
Cc1cc(OCc2c(-c3c(Cl)cn(C)c(=O)c3Cl)noc2C(C)C)ccc1-c1ccc2c(C(=O)O)cn(C)c2c1,12000.0,-4.079181246047625,1,train
Cc1cc(OCc2c(-c3c(Cl)ccc(=O)n3C)noc2C(C)C)ccc1-c1ccc2c(C(=O)O)cn(C)c2c1,4000.0,-3.6020599913279625,0,train
COc1ccc(Cl)c(-c2noc(C(C)C)c2COc2ccc(-c3ccc4c(C(=O)O)cn(C)c4c3)c(C)c2)n1,2000.0,-3.3010299956639813,0,test
CC(C)c1onc(-c2c(Cl)cccc2Cl)c1COc1ccc(-c2ccc3c(C(=O)O)cccc3c2)cc1,77.5,-1.8893017025063104,1,test
CC[C@@H](C)c1onc(-c2c(Cl)cccc2Cl)c1COc1ccc(/C=C/c2cccc(C(=O)O)c2)c(Cl)c1,99.0,-1.99563519459755,1,train
CC(C)c1onc(COc2c(Cl)cccc2Cl)c1COc1ccc(/C=C/c2cccc(C(=O)O)c2)c(Cl)c1,83.5,-1.921686475483602,1,test
CC(C)c1onc([C@H]2C[C@@H]2c2c(Cl)cccc2Cl)c1COc1ccc(/C=C/c2cccc(C(=O)O)c2)c(Cl)c1,2000.0,-3.3010299956639813,0,test
CC(C)c1onc(COc2cc(Cl)cc(Cl)c2)c1COc1ccc(/C=C/c2cccc(C(=O)O)c2)c(Cl)c1,1100.0,-3.041392685158225,0,train
CC(C)c1onc(COc2ccc(Cl)c(Cl)c2)c1COc1ccc(/C=C/c2cccc(C(=O)O)c2)c(Cl)c1,1100.0,-3.041392685158225,0,test
CC(C)c1onc(CO)c1COc1ccc(/C=C/c2cccc(C(=O)O)c2)c(Cl)c1,7800.0,-3.8920946026904804,0,train
CC(C)c1onc(-c2c(Cl)cccc2Cl)c1COc1ccc2nc(-c3cccc(C(=O)O)c3)sc2c1,410.0,-2.6127838567197355,0,train
CC(C)c1onc(-c2c(Cl)cccc2Cl)c1COc1ccc2c(c1)CC(=O)N(c1cccc(C(=O)O)c1)C2,1100.0,-3.041392685158225,0,train
CC(C)c1onc(-c2c(Cl)cccc2Cl)c1COc1ccc2[nH]cc(Cc3cccc(C(=O)O)c3)c2c1,1500.0,-3.1760912590556813,0,train
CC(C)c1onc(-c2c(Cl)cccc2Cl)c1CCc1nc2cccc(Nc3cccc(C(=O)O)c3)c2o1,1700.0,-3.230448921378274,0,train
CC[C@@H]1[C@@H]2C[C@H](O)CC[C@]2(C)[C@H]2CC[C@@]3(C)[C@@H](CC[C@@H]3[C@H](C)C[C@H](O)C(=O)O)[C@@H]2[C@@H]1O,11800.0,-4.071882007306125,1,test
CC(C)OC(=O)C1=CN(C(=O)c2ccc(F)c(F)c2)CC(C)(C)c2cc(C#N)[nH]c21,6.3,-0.7993405494535817,1,train
CC(C)OC(=O)C1=CN(C(=O)c2cccc(F)c2)CC(C)(C)c2cc(C#N)[nH]c21,2.5,-0.3979400086720376,1,train
CC(C)OC(=O)C1=CN(C(=O)c2ccc(F)cc2)CC(C)(C)c2cc(C#N)[nH]c21,5.0,-0.6989700043360189,1,train
CC(C)OC(=O)C1=CN(C(=O)C2CCCCC2)CC(C)(C)c2cc(C#N)[nH]c21,6.5,-0.8129133566428556,1,train
CC(C)OC(=O)C1=CN(C(=O)c2ccc(C#N)cc2)CC(C)(C)c2cc(C#N)[nH]c21,35.0,-1.5440680443502757,1,train
CC(C)OC(=O)C1=CN(C(=O)c2cccc(Cl)c2)CC(C)(C)c2cc(C#N)[nH]c21,12.0,-1.0791812460476249,1,test
CC(C)OC(=O)C1=CN(C(=O)c2cccc(C(F)(F)F)c2)CC(C)(C)c2cc(C#N)[nH]c21,8.5,-0.9294189257142927,1,train
CC(C)OC(=O)C1=CN(C(=O)c2cccs2)CC(C)(C)c2cc(C#N)[nH]c21,16.0,-1.2041199826559248,1,train
CC(C)OC(=O)C1CN(C(=O)c2ccc(F)c(F)c2)CC(C)(C)c2cc(C#N)[nH]c21,280.0,-2.4471580313422194,1,train
CC(C)OC(=O)C1CN(C(=O)c2cccc(F)c2)CC(C)(C)c2cc(C#N)[nH]c21,1300.0,-3.113943352306837,1,train
CC(C)OC(=O)C1CN(C(=O)c2ccc(F)cc2)CC(C)(C)c2cc(C#N)[nH]c21,640.0,-2.806179973983887,1,train
CC(C)OC(=O)C1CN(C(=O)C2CCCCC2)CC(C)(C)c2cc(C#N)[nH]c21,1900.0,-3.278753600952829,1,train
CC(C)OC(=O)C1CN(C(=O)c2ccc(C#N)cc2)CC(C)(C)c2cc(C#N)[nH]c21,5700.0,-3.7558748556724915,1,train
CC(C)OC(=O)C1CN(C(=O)c2cccc(Cl)c2)CC(C)(C)c2cc(C#N)[nH]c21,1300.0,-3.113943352306837,1,train
CC(C)OC(=O)C1CN(C(=O)c2cccc(C(F)(F)F)c2)CC(C)(C)c2cc(C#N)[nH]c21,2700.0,-3.4313637641589874,1,train
CC(C)OC(=O)C1CN(C(=O)c2ccc(Cl)cc2)CC(C)(C)c2cc(C#N)[nH]c21,4100.0,-3.6127838567197355,1,train
CC(C)OC(=O)C1CN(C(=O)C2CCOCC2)CC(C)(C)c2cc(C#N)[nH]c21,3300.0,-3.5185139398778875,1,train
CC(C)OC(=O)C1=CN(C(=O)c2ccc(F)c(F)c2)CC(C)(C)c2c1[nH]c1ccc(F)cc21,45.0,-1.6532125137753437,0,train
CC(C)OC(=O)C1=CN(C(=O)c2cccc(CN3CCOCC3)c2)CC(C)(C)c2c1[nH]c1ccccc21,1579.0,-3.1983821300082944,1,train
CC(C)OC(=O)C1=CN(C(=O)c2cccc(CN3CCN(C)CC3)c2)CC(C)(C)c2c1[nH]c1ccccc21,368.0,-2.5658478186735176,1,train
CC(C)OC(=O)C1=CN(C(=O)c2cccc(CN3CCCCC3)c2)CC(C)(C)c2c1[nH]c1ccccc21,534.0,-2.727541257028556,1,train
CC(C)OC(=O)C1=CN(C(=O)c2cccc(CN3CCCC3)c2)CC(C)(C)c2c1[nH]c1ccccc21,340.0,-2.531478917042255,1,train
CC(C)OC(=O)C1=CN(C(=O)c2ccc(CN3CCOCC3)cc2)CC(C)(C)c2c1[nH]c1ccccc21,23.0,-1.3617278360175928,1,train
CC(C)OC(=O)C1=CN(C(=O)c2ccc(CN3CCOCC3)cc2)CC(C)(C)c2c1[nH]c1cc(F)ccc21,447.0,-2.6503075231319366,1,train
CC(C)OC(=O)C1=CN(C(=O)c2ccc(CCN3CCOCC3)cc2)CC(C)(C)c2c1[nH]c1ccccc21,602.0,-2.7795964912578244,1,test
CC(C)OC(=O)C1=CN(C(=O)c2ccc(CCN3CCOCC3)cc2)CC(C)(C)c2c1[nH]c1cc(F)ccc21,342.0,-2.534026106056135,1,test
CC(C)OC(=O)C1=CN(C(=O)c2ccc(OCCCN3CCOCC3)cc2)CC(C)(C)c2c1[nH]c1ccccc21,101.0,-2.0043213737826426,1,train
CC(C)OC(=O)C1=CN(C(=O)c2ccc(OCCN3CCCCC3)cc2)CC(C)(C)c2c1[nH]c1ccccc21,1066.0,-3.0277572046905536,1,test
CC(C)OC(=O)C1=CN(C(=O)c2ccc(OCCN(C)C)cc2)CC(C)(C)c2c1[nH]c1ccccc21,439.0,-2.6424645202421213,0,train
CC(C)OC(=O)C1=CN(C(=O)c2ccc(OCCN3CCCC3)cc2)CC(C)(C)c2c1[nH]c1ccccc21,698.0,-2.843855422623161,1,train
CC(C)OC(=O)C1=CN(C(=O)c2ccc(OCCN3CCOCC3)cc2)CC(C)(C)c2c1[nH]c1ccccc21,249.0,-2.3961993470957363,1,train
CC(C)OC(=O)C1=CN(C(=O)c2ccc(OCCN3CCN(C)CC3)cc2)CC(C)(C)c2c1[nH]c1ccccc21,287.0,-2.4578818967339924,1,train
CC(C)OC(=O)C1=CN(C(=O)c2ccc(OCCCN(C)C)cc2)CC(C)(C)c2c1[nH]c1ccccc21,271.0,-2.432969290874406,1,train
CC(C)OC(=O)C1=CN(C(=O)c2ccc(OCCCN3CCCC3)cc2)CC(C)(C)c2c1[nH]c1ccccc21,362.0,-2.558708570533166,1,train
CC(C)OC(=O)C1=CN(C(=O)c2ccc(OCCCN3CCCCC3)cc2)CC(C)(C)c2c1[nH]c1ccccc21,424.0,-2.6273658565927325,1,train
CC(C)OC(=O)C1=CN(C(=O)c2ccc(OCCCN3CCN(C)CC3)cc2)CC(C)(C)c2c1[nH]c1ccccc21,194.0,-2.287801729930226,1,test
CC(C)OC(=O)C1=CN(C(=O)c2cccc(OCCN(C)C)c2)CC(C)(C)c2c1[nH]c1ccccc21,1386.0,-3.141763230275788,0,train
CC(C)OC(=O)C1=CN(C(=O)c2cccc(OCCN3CCCC3)c2)CC(C)(C)c2c1[nH]c1ccccc21,1317.0,-3.119585774961784,1,train
CC(C)OC(=O)C1=CN(C(=O)c2cccc(OCCN3CCCCC3)c2)CC(C)(C)c2c1[nH]c1ccccc21,894.0,-2.951337518795918,1,train
CC(C)OC(=O)C1=CN(C(=O)c2cccc(OCCN3CCOCC3)c2)CC(C)(C)c2c1[nH]c1ccccc21,855.0,-2.931966114728173,1,train
CC(C)OC(=O)C1=CN(C(=O)c2cccc(OCCN3CCN(C)CC3)c2)CC(C)(C)c2c1[nH]c1ccccc21,2870.0,-3.4578818967339924,1,train
CC(C)OC(=O)C1=CN(C(=O)c2cccc(OCCCN(C)C)c2)CC(C)(C)c2c1[nH]c1ccccc21,617.0,-2.7902851640332416,0,train
CC(C)OC(=O)C1=CN(C(=O)c2cccc(OCCCN3CCCC3)c2)CC(C)(C)c2c1[nH]c1ccccc21,1603.0,-3.204933522354145,1,train
CC(C)OC(=O)C1=CN(C(=O)c2cccc(OCCCN3CCCCC3)c2)CC(C)(C)c2c1[nH]c1ccccc21,1121.0,-3.049605612594973,1,train
CC(C)OC(=O)C1=CN(C(=O)c2cccc(OCCCN3CCOCC3)c2)CC(C)(C)c2c1[nH]c1ccccc21,796.0,-2.900913067737669,1,test
CC(C)OC(=O)C1=CN(C(=O)c2cccc(OCCCN3CCN(C)CC3)c2)CC(C)(C)c2c1[nH]c1ccccc21,1023.0,-3.00987563371216,1,train
CC(C)OC(=O)C1=CN(C(=O)c2ccc(OCCCN3CCOCC3)cc2)CC(C)(C)c2c1[nH]c1cc(F)ccc21,88.0,-1.9444826721501687,1,train
CC(C)OC(=O)C1=CN(C(=O)c2ccc(OCCN3CCOCC3)cc2)CC(C)(C)c2c1[nH]c1cc(F)ccc21,99.0,-1.99563519459755,1,train
Cc1cc(C(F)(F)F)cc(OCc2c(-c3c(Cl)cccc3Cl)noc2C(C)C)n1,225.0,-2.3521825181113627,0,test
CC(C)c1onc(-c2c(Cl)cccc2Cl)c1COc1ccc(N(C)Cc2ccc(CCC(=O)O)cc2)c(C(F)(F)F)n1,22.666666666666668,-1.355387657986574,0,train
CC(C)c1onc(-c2c(Cl)cccc2Cl)c1COc1ccc(N(C)Cc2ccc(OCCO)cc2)c(C(F)(F)F)n1,159.5,-2.2027606873931997,0,train
CN(Cc1cccc(C(=O)O)c1)c1ccc(OCc2c(-c3c(Cl)cccc3Cl)noc2C2CC2)nc1C(F)(F)F,4.666666666666667,-0.6690067809585756,0,train
O=C(O)CCc1ccc(NC(=O)[C@H](C2CCCCC2)n2c(-c3ccc(Cl)cc3)nc3cc(F)c(F)cc32)c(F)c1,36.0,-1.5563025007672873,1,train
O=C(NC1CCCCC1)[C@H](C1CCCCC1)n1c(-c2ccc(Cl)cc2)nc2cc(F)c(F)cc21,50.0,-1.6989700043360187,1,train
O=C(O)c1ccc(NC(=O)[C@H](C2CCCCC2)n2c(-c3ccc(Cl)cc3)nc3cc(F)c(F)cc32)c(C(F)(F)F)c1,50.0,-1.6989700043360187,0,train
O=C(O)c1ccc(NC(=O)[C@H](C2CCCCC2)n2c(-c3ccc(Cl)cc3)nc3ccccc32)c(C(F)(F)F)c1,90.0,-1.9542425094393248,0,train
O=C(N[C@H]1CC[C@H](O)CC1)[C@H](C1CCCCC1)n1c(-c2ccc(Cl)cc2)nc2cc(F)c(F)cc21,300.0,-2.4771212547196626,1,train
O=C(O)c1ccc(NC(=O)[C@H](C2CCCCC2)n2c(-c3ccc(Cl)cc3)nc3cc(F)c(F)cc32)c(F)c1,300.0,-2.4771212547196626,0,train
O=C(O)c1ccc(NC(=O)[C@H](C2CCCCC2)n2c(-c3ccc(Cl)cc3)nc3cc(F)c(F)cc32)c(Cl)c1,300.0,-2.4771212547196626,0,train
O=C(Nc1ccc(-c2nnn[nH]2)cc1F)[C@H](C1CCCCC1)n1c(-c2ccc(Cl)cc2)nc2cc(F)c(F)cc21,300.0,-2.4771212547196626,0,train
Cc1cc(C(=O)O)ccc1NC(=O)[C@H](C1CCCCC1)n1c(-c2ccc(Cl)cc2)nc2cc(F)c(F)cc21,500.0,-2.6989700043360187,1,test
O=C(Nc1ccc(OC2(C(=O)O)CC2)cc1F)[C@H](C1CCCCC1)n1c(-c2ccc(Cl)cc2)nc2cc(F)c(F)cc21,600.0,-2.7781512503836434,0,train
O=C(O)c1ccc(NC(=O)[C@H](C2CCCCC2)n2c(-c3ccc(Cl)cc3)nc3cc(F)ccc32)c(F)c1,1100.0,-3.041392685158225,1,train
COc1ccc(-c2nc3cc(F)c(F)cc3n2[C@H](C(=O)N[C@H]2CC[C@H](C(=O)O)CC2)C2CCCCC2)c(Cl)n1,1100.0,-3.041392685158225,0,train
O=C(O)c1cc(F)c(NC(=O)[C@H](C2CCCCC2)n2c(-c3ccc(Cl)cc3)nc3cc(F)c(F)cc32)c(F)c1,1400.0,-3.146128035678238,1,train
COc1ccc(-c2nc3cc(F)c(F)cc3n2[C@H](C(=O)N[C@H]2CC[C@H](C(=O)O)CC2)C2CCCCC2)c(OC)n1,1700.0,-3.230448921378274,0,train
O=C(O)CCc1ccc(NC(=O)C(C2CCCCC2)n2c(-c3ccc(Cl)cc3)nc3cc(F)c(F)cc32)cc1,2000.0,-3.3010299956639813,1,train
O=C(O)c1ccc(NC(=O)[C@H](C2CCCCC2)n2c(-c3ccc(Cl)cc3)nc3cc(F)c(F)cc32)cc1,2500.0,-3.3979400086720375,1,train
O=C(N[C@H]1CC[C@H](C(=O)O)CC1)[C@H](C1CCCCC1)n1c(-c2ccc(Cl)cc2)nc2cc(F)c(F)cc21,2700.0,-3.4313637641589874,0,train
O=C(O)Cc1ccc(NC(=O)C(C2CCCCC2)n2c(-c3ccc(Cl)cc3)nc3cc(F)c(F)cc32)cc1,4900.0,-3.690196080028514,1,train
O=C(O)C[C@H]1CC[C@H](NC(=O)[C@H](C2CCCCC2)n2c(-c3ccc(Cl)cc3)nc3cc(F)c(F)cc32)CC1,5000.0,-3.6989700043360187,1,train
O=C(N[C@H]1CC[C@H](C(=O)O)CC1)[C@H](C1CCCCC1)n1c(-c2ccc(Cl)nc2)nc2cc(F)c(F)cc21,9700.0,-3.9867717342662448,1,train
O=C(O)CO[C@H]1CC[C@H](NC(=O)[C@H](C2CCCCC2)n2c(-c3ccc(Cl)nc3)nc3cc(F)c(F)cc32)CC1,9900.0,-3.9956351945975497,0,train
O=C(NC[C@H]1CC[C@H](C(=O)O)CC1)[C@H](C1CCCCC1)n1c(-c2ccc(Cl)cc2)nc2cc(F)c(F)cc21,10000.0,-4.0,1,train
COc1cc(C(=O)O)ccc1NC(=O)[C@H](C1CCCCC1)n1c(-c2ccc(Cl)cc2)nc2cc(F)c(F)cc21,10400.0,-4.017033339298781,1,train
Cc1nc(NC(=O)C(C2CCCCC2)n2c(-c3ccc(Cl)cc3)nc3cc(F)c(F)cc32)sc1C(=O)O,10400.0,-4.017033339298781,0,test
O=C(O)c1ccc(NC(=O)C(C2CCCCC2)n2c(-c3ccc(Cl)cc3)nc3cc(F)c(F)cc32)nc1,10600.0,-4.02530586526477,1,train
O=C(O)c1cccc(NC(=O)C(C2CCCCC2)n2c(-c3ccc(Cl)cc3)nc3cc(F)c(F)cc32)c1,10700.0,-4.02938377768521,0,train
CC(C)c1onc(-c2c(Cl)cccc2Cl)c1COc1ccc(-c2ccc3nc(C(=O)O)nnc3c2)cc1,360.0,-2.5563025007672873,1,train
CC(C)COc1cc(C(=O)O)nc2ccc(-c3ccc(OCc4c(-c5c(Cl)cccc5Cl)noc4C(C)C)cc3)cc12,79.5,-1.9003671286564703,0,train
O=S(=O)(Nc1ccc(C(O)(C(F)(F)F)C(F)(F)F)cc1)c1cccc2ccccc12,12000.0,-4.079181246047625,0,train
CC[C@@H]1[C@@H]2C[C@H](O)CC[C@]2(C)[C@H]2CC[C@@]3(C)[C@@H](CC[C@@H]3[C@H](C)CCNC(=O)OC/C=C/c3ccccc3)[C@@H]2[C@@H]1O,150.0,-2.1760912590556813,0,test
CC(C)c1onc(-c2c(Cl)cccc2Cl)c1COc1ccc(-c2ccc3c(C(=O)O)csc3c2)cc1,22.5,-1.3521825181113625,1,train
CC(C)c1onc(-c2c(Cl)cccc2Cl)c1COc1ccc(-c2ccc3c(C(=O)O)c[nH]c3c2)cc1,25.5,-1.4065401804339552,1,train
CC(C)c1onc(-c2c(Cl)cccc2Cl)c1COc1ccc(N(C(=O)c2cccc(C(=O)O)c2)c2cccc3ccccc23)c(Cl)c1,410.0,-2.6127838567197355,0,train
CC(C)c1onc(-c2c(Cl)cccc2Cl)c1COc1ccc(C(=O)N(Cc2ccccc2)c2ccc(C(=O)O)cc2)c(Cl)c1,2600.0,-3.4149733479708178,0,train
CC(C)c1onc(-c2c(Cl)cccc2Cl)c1COc1ccc(C(=O)N(c2cccc(C(=O)O)c2)c2cccc3ccccc23)c(Cl)c1,3000.0,-3.4771212547196626,0,train
CCCCN(C(=O)c1ccc(OCc2c(-c3c(Cl)cccc3Cl)noc2C(C)C)cc1Cl)c1cccc(C(=O)O)c1,1100.0,-3.041392685158225,0,test
COc1ccccc1-n1nc(C)c2c1NC(=O)[C@H](C)S[C@@H]2c1ccc(Oc2ccccc2)cc1,3300.0,-3.5185139398778875,0,train
Cc1nn(-c2ccccc2I)c2c1C(c1ccc(Oc3ccccc3)cc1)SC(C)C(=O)N2,1300.0,-3.113943352306837,0,train
Cc1nn(-c2ccccc2Br)c2c1C(c1ccc(Oc3ccccc3)cc1)SC(C)C(=O)N2,1800.0,-3.255272505103306,0,train
Cc1nn(-c2ccccc2Cl)c2c1C(c1ccc(Oc3ccccc3)cc1)SC(C)C(=O)N2,2700.0,-3.4313637641589874,0,train
Cc1nn(-c2ccccc2F)c2c1C(c1ccc(Oc3ccccc3)cc1)SC(C)C(=O)N2,3900.0,-3.591064607026499,0,train
Cc1nn(-c2ccccc2C(F)(F)F)c2c1C(c1ccc(Oc3ccccc3)cc1)SC(C)C(=O)N2,2000.0,-3.3010299956639813,0,train
Cc1nn(-c2ccccc2C(C)C)c2c1[C@@H](c1ccc(Oc3ccccc3)cc1)S[C@@H](C)C(=O)N2,1900.0,-3.278753600952829,0,train
CCCc1ccccc1-n1nc(C)c2c1NC(=O)[C@H](C)S[C@@H]2c1ccc(Oc2ccccc2)cc1,1100.0,-3.041392685158225,0,train
CCc1ccccc1-n1nc(C)c2c1NC(=O)[C@H](C)S[C@@H]2c1ccc(Oc2ccccc2)cc1,1100.0,-3.041392685158225,0,test
Cc1ccc(-n2nc(C)c3c2NC(=O)[C@H](C)S[C@@H]3c2ccc(Oc3ccccc3)cc2)cc1,3400.0,-3.531478917042255,0,train
Cc1cccc(-n2nc(C)c3c2NC(=O)[C@H](C)S[C@@H]3c2ccc(Oc3ccccc3)cc2)c1,2400.0,-3.380211241711606,0,test
COc1cc([C@H]2S[C@@H](C)C(=O)Nc3c2c(C)nn3-c2ccccc2C)ccc1Oc1ccccc1,1900.0,-3.278753600952829,0,train
COc1ccc(Oc2ccc([C@H]3S[C@@H](C)C(=O)Nc4c3c(C)nn4-c3ccccc3C)cc2)cc1,2200.0,-3.342422680822206,0,test
COc1cccc(Oc2ccc([C@H]3S[C@@H](C)C(=O)Nc4c3c(C)nn4-c3ccccc3C)cc2)c1,1700.0,-3.230448921378274,0,train
COc1ccccc1Oc1ccc([C@H]2S[C@@H](C)C(=O)Nc3c2c(C)nn3-c2ccccc2C)cc1,1700.0,-3.230448921378274,0,test
Cc1ccccc1-n1nc(C)c2c1NC(=O)[C@H](C)S[C@@H]2c1ccc(-c2cc3ccccc3o2)cc1,1500.0,-3.1760912590556813,0,train
Cc1ccccc1-n1nc(C)c2c1NC(=O)[C@H](C)S[C@@H]2c1ccc(-c2ccoc2)cc1,3500.0,-3.5440680443502757,0,train
Cc1ccccc1-n1nc(C)c2c1NC(=O)[C@H](C)S[C@@H]2c1ccc(-c2ccco2)cc1,3600.0,-3.5563025007672873,0,test
Cc1ccccc1-n1nc(C)c2c1NC(=O)[C@H](C)S[C@@H]2c1ccc(-c2ccsc2)cc1,1400.0,-3.146128035678238,0,test
Cc1ccccc1-n1nc(C)c2c1NC(=O)[C@H](C)S[C@@H]2c1ccc(-c2cccs2)cc1,2600.0,-3.4149733479708178,0,train
CCOc1cccc(-c2ccc([C@H]3S[C@@H](C)C(=O)Nc4c3c(C)nn4-c3ccccc3C)cc2)c1,3500.0,-3.5440680443502757,0,train
COc1ccc(-c2ccc([C@H]3S[C@@H](C)C(=O)Nc4c3c(C)nn4-c3ccccc3C)cc2)cc1,1200.0,-3.0791812460476247,0,train
COc1cccc(-c2ccc([C@H]3S[C@@H](C)C(=O)Nc4c3c(C)nn4-c3ccccc3C)cc2)c1,1800.0,-3.255272505103306,0,train
COc1ccccc1-c1ccc([C@H]2S[C@@H](C)C(=O)Nc3c2c(C)nn3-c2ccccc2C)cc1,1100.0,-3.041392685158225,0,test
Cc1ccccc1-n1nc(C)c2c1NC(=O)[C@H](C)S[C@@H]2c1ccc(-c2ccccc2)cc1,990.0,-2.9956351945975497,0,train
COc1ccc(C2SC(C)C(=O)Nc3c2c(C)nn3-c2ccccc2C)c(OC)c1,10500.0,-4.021189299069938,0,train
COC(=O)/C=C/c1cccc(N(Cc2ccc(-c3ccc(C(C)(C)C)cc3)cc2)C(=O)C(C)C)c1,343.0,-2.5352941200427703,0,test
COC(=O)/C=C/c1cccc(N(Cc2ccc(-c3ccccc3OC)cc2)C(=O)C(C)C)c1,377.0,-2.576341350205793,1,train
COC(=O)/C=C/c1cccc(N(Cc2ccc(/C=C/c3ccccc3)cc2)C(=O)C2CCCCC2)c1,36.0,-1.5563025007672873,1,train
Cc1cc(OCc2c(-c3c(Cl)cncc3Cl)noc2C(C)C)ccc1-c1ccc2c(c1)c(C(=O)O)cn2C,94.0,-1.9731278535996986,0,train
CC1(C)CCC[C@@]2(C)[C@H]1CC[C@]1(C)[C@@H](CCc3ccoc3)[C@H](CCCO)CC[C@H]21,30000.0,-4.477121254719663,0,train
CC1(C)CCC[C@@]2(C)[C@H]1CC[C@]1(C)[C@@H](CCc3ccoc3)[C@@H](O)CC[C@H]21,25000.0,-4.3979400086720375,0,train
CCC1SC(c2ccc(Oc3ccccc3)cc2)c2c(C)nn(-c3ccccc3C)c2NC1=O,3000.0,-3.4771212547196626,0,train
Cc1ccccc1-n1nc(C)c2c1NC(=O)CS[C@H]2c1ccc(Oc2ccccc2)cc1,14000.0,-4.146128035678238,0,train
CCc1nn(-c2ccccc2C)c2c1[C@@H](c1ccc(Oc3ccccc3)cc1)S[C@@H](C)C(=O)N2,2000.0,-3.3010299956639813,0,train
CCN(c1ccc(C(O)(C(F)(F)F)C(F)(F)F)cc1)S(=O)(=O)c1ccccc1,9000.0,-3.9542425094393248,0,test
O=S(=O)(c1ccc(F)cc1)N(CC(F)(F)F)c1ccc(C(O)(C(F)(F)F)C(F)(F)F)cc1,1000.0,-3.0,0,train
N#Cc1ccc(S(=O)(=O)N(CC(F)(F)F)c2ccc(C(O)(C(F)(F)F)C(F)(F)F)cc2)cc1,3000.0,-3.4771212547196626,0,train
Cc1ccc2nc(-c3cccs3)c(NCc3ccc4c(c3)OCO4)n2c1,480.0,-2.681241237375587,0,test
CCc1ccc(C(=O)Nc2ccccc2C(=O)NCCCC(=O)O)cc1,5800.0,-3.7634279935629373,0,train
CC(C)(C)c1ccc(C(=O)Nc2ccccc2C(=O)NCCCC(=O)O)cc1,2500.0,-3.3979400086720375,0,train
O=C(O)CCCNC(=O)c1ccccc1NC(=O)/C=C/c1ccccc1,720.0,-2.8573324964312685,0,train
COC(=O)CCCNC(=O)c1ccccc1NC(=O)c1ccc2ccccc2c1,7100.0,-3.8512583487190755,0,train
O=C(O)CCCCNC(=O)c1ccccc1NC(=O)c1ccc2ccccc2c1,8300.0,-3.9190780923760737,0,train
O=C(O)CCCCCNC(=O)c1ccccc1NC(=O)c1ccc2ccccc2c1,4400.0,-3.6434526764861874,0,train
O=C(O)c1ccc(NC(=O)c2ccccc2NC(=O)c2ccc3ccccc3c2)cc1,1000.0,-3.0,0,train
O=C(O)c1cccc(NC(=O)c2ccccc2NC(=O)c2ccc3ccccc3c2)c1,1500.0,-3.1760912590556813,0,train
O=C(O)c1ccc(CNC(=O)c2ccccc2NC(=O)c2ccc3ccccc3c2)cc1,1300.0,-3.113943352306837,0,train
O=C(O)Cc1ccc(NC(=O)c2ccccc2NC(=O)c2ccc3ccccc3c2)cc1,3100.0,-3.4913616938342726,0,train
CC(C)c1occ(COc2c(Cl)cccc2Cl)c1COc1ccc(/C=C/c2cccc(C(=O)O)c2)c(Cl)c1,1230.0,-3.089905111439398,1,test
CC(C)CN(Cc1ccc(-c2ccc(S(C)(=O)=O)cc2)cc1)S(=O)(=O)Cc1ccccc1,2400.0,-3.380211241711606,0,train
CC[C@@H]1[C@@H]2C[C@H](O)CC[C@]2(C)[C@H]2CC[C@@]3(C)[C@@H](CC[C@@H]3[C@H](C)CCO)[C@@H]2[C@@H]1O,2000.0,-3.3010299956639813,1,train
CC(C)(C)c1ccc(C(=O)Nc2ccccc2C(=O)Nc2cccc(C(=O)O)c2)cc1,280.0,-2.4471580313422194,1,test
O=C(O)c1cccc(NC(=O)c2ccccc2NC(=O)c2ccc(C(F)(F)F)cc2)c1,6900.0,-3.838849090737255,1,train
O=C(O)c1cccc(NC(=O)c2ccccc2NC(=O)c2ccc(Br)cc2)c1,3700.0,-3.568201724066995,0,train
O=C(O)c1cccc(NC(=O)c2ccccc2NC(=O)c2ccc3c(c2)OCO3)c1,10000.0,-4.0,0,test
O=C(O)c1cccc(NC(=O)c2ccccc2NC(=O)c2ccc3c(c2)OCCO3)c1,4900.0,-3.690196080028514,0,test
O=C(O)c1cccc(NC(=O)c2ccccc2NC(=O)c2ccc(C(F)(F)F)c(F)c2)c1,5000.0,-3.6989700043360187,0,train
O=C(/C=C/c1ccccc1)Nc1ccccc1C(=O)Nc1cccc(C(=O)O)c1,5200.0,-3.716003343634799,0,train
CC(=O)c1cccc(NC(=O)c2ccccc2NC(=O)c2ccc(C(C)(C)C)cc2)c1,480.0,-2.681241237375587,1,train
CC(C)(C)c1ccc(C(=O)Nc2ccccc2C(=O)Nc2cccc(C#N)c2)cc1,230.0,-2.361727836017593,0,train
COc1cccc(NC(=O)c2ccccc2NC(=O)c2ccc(C(C)(C)C)cc2)c1,380.0,-2.57978359661681,0,test
CSc1cccc(NC(=O)c2ccccc2NC(=O)c2ccc(C(C)(C)C)cc2)c1,200.0,-2.3010299956639813,0,train
CC(C)(C)c1ccc(C(=O)Nc2ccccc2C(=O)Nc2cccc(-c3nnn[nH]3)c2)cc1,2900.0,-3.462397997898956,0,train
CC(C)(C)c1ccc(C(=O)Nc2ccccc2C(=O)Nc2cccc(C(N)=O)c2)cc1,72.0,-1.8573324964312685,1,train
COc1ccc(NC(=O)c2ccccc2NC(=O)c2ccc(C(C)(C)C)cc2)cc1OC,71.0,-1.8512583487190752,0,train
CC(C)(C)c1ccc(C(=O)Nc2ccccc2C(=O)Nc2cccc(CC(=O)O)c2)cc1,420.0,-2.6232492903979003,0,train
CC(C)(C)c1ccc(C(=O)Nc2ccccc2C(=O)Nc2cccc(CCC(=O)O)c2)cc1,62.0,-1.792391689498254,1,train
Cc1c(NC(=O)c2ccccc2NC(=O)c2ccc(C(C)(C)C)cc2)cccc1C(=O)O,42.0,-1.6232492903979006,0,train
COc1ccc(C(=O)O)cc1NC(=O)c1ccccc1NC(=O)c1ccc(C(C)(C)C)cc1,4700.0,-3.6720978579357175,0,train
CC(C)(C)c1ccc(C(=O)Nc2ccccc2C(=O)Nc2cc(C(=O)O)ccc2F)cc1,480.0,-2.681241237375587,0,test
CC(C)(C)c1ccc(C(=O)Nc2ccccc2C(=O)Nc2cc(C(=O)O)ccc2Cl)cc1,1100.0,-3.041392685158225,0,train
Cc1ccc(NC(=O)c2ccccc2NC(=O)c2ccc(C(C)(C)C)cc2)cc1C(=O)O,45.0,-1.6532125137753437,0,train
COc1ccc(NC(=O)c2ccccc2NC(=O)c2ccc(C(C)(C)C)cc2)cc1C(=O)O,47.0,-1.6720978579357175,0,test
CC(C)(C)c1ccc(C(=O)Nc2ccccc2C(=O)Nc2ccc(Cl)c(C(=O)O)c2)cc1,280.0,-2.4471580313422194,0,test
CC(C)(C)c1ccc(C(=O)Nc2ccccc2C(=O)Nc2ccc(Br)c(C(=O)O)c2)cc1,150.0,-2.1760912590556813,0,train
Cc1ccc(C(=O)Nc2cccc(C(=O)O)c2)c(NC(=O)c2ccc(C(C)(C)C)cc2)c1,61.0,-1.7853298350107671,1,train
CC(C)(C)c1ccc(C(=O)Nc2cc(Br)ccc2C(=O)Nc2cccc(C(=O)O)c2)cc1,48.0,-1.6812412373755872,1,train
COc1ccc(C(=O)Nc2cccc(C(=O)O)c2)c(NC(=O)c2ccc(C(C)(C)C)cc2)c1,8.0,-0.9030899869919435,1,train
Cc1ccc(NC(=O)c2ccc(Cl)cc2NC(=O)c2ccc(C(C)(C)C)cc2)cc1C(=O)O,110.0,-2.041392685158225,0,train
COc1ccc(C(=O)Nc2ccc(C)c(C(=O)O)c2)c(NC(=O)c2ccc(C(C)(C)C)cc2)c1,87.0,-1.9395192526186185,1,test
Cc1ccc(C(=O)Nc2ccc(C)c(C(=O)O)c2)c(NC(=O)c2ccc(C(C)(C)C)cc2)c1,43.0,-1.6334684555795866,0,test
O=C(O)c1cccc(NC(=O)c2cc(Cl)ccc2NC(=O)c2ccc(C(F)(F)F)cc2)c1,3400.0,-3.531478917042255,0,test
O=C(O)c1cccc(NC(=O)c2ccc(Cl)cc2NC(=O)c2ccc(C(F)(F)F)cc2)c1,2100.0,-3.322219294733919,1,train
O=C(O)Cc1cccc(NC(=O)c2ccccc2NC(=O)c2ccc(C(F)(F)F)cc2)c1,2600.0,-3.4149733479708178,0,train
O=C(O)CCc1cccc(NC(=O)c2ccccc2NC(=O)c2ccc(C(F)(F)F)cc2)c1,2300.0,-3.361727836017593,1,test
O=C(O)Cc1cccc(NC(=O)c2ccccc2NC(=O)c2ccc(-c3ccccc3)cc2)c1,700.0,-2.845098040014257,0,train
CSc1ccc(C(=O)Nc2ccccc2C(=O)Nc2cccc(CC(=O)O)c2)cc1,8500.0,-3.929418925714293,0,train
O=C(O)Cc1cccc(NC(=O)c2ccccc2NC(=O)c2ccc(SC(F)(F)F)cc2)c1,7000.0,-3.845098040014257,0,train
O=C(O)Cc1cccc(NC(=O)c2ccccc2NC(=O)c2ccc3ccccc3c2)c1,2500.0,-3.3979400086720375,0,train
CC(=O)N1CCN(c2ccc(CN(C3CCC3)S(=O)(=O)Cc3ccccc3F)c(F)c2)CC1,6100.0,-3.785329835010767,0,train
CCN(CC)c1ccc2cc(-c3nc(-c4ccccc4)no3)c(=O)oc2c1,460.0,-2.6627578316815743,0,train
Cc1ccccc1-c1noc(-c2cccc(C(=O)O)c2)n1,7.2,-0.8573324964312685,1,train
Cc1ccccc1-c1noc(-c2ccc(C(=O)O)cc2)n1,220.0,-2.342422680822206,1,train
Cc1ccc(-c2noc(-c3ccc(Cl)cc3)n2)cc1,410.0,-2.6127838567197355,0,train
Brc1ccc(-c2nc(-c3ccccc3)no2)cc1,350.0,-2.5440680443502757,0,test
COc1ccc(-c2nc(-c3ccccc3C)no2)cc1,120.0,-2.0791812460476247,0,train
COc1ccc(-c2nc(-c3cccc(C(F)(F)F)c3)no2)cc1,2900.0,-3.462397997898956,0,train
c1ccc(-c2noc(-c3ccccc3)n2)cc1,530.0,-2.724275869600789,0,train
O=C(Nc1ccc2c(c1)N(S(=O)(=O)c1ccc(F)cc1)CCC2)c1c(F)cccc1F,7600.0,-3.8808135922807914,0,train
O=C(Nc1ccc2c(c1)N(S(=O)(=O)c1ccc(F)cc1)CC2)c1c(F)cccc1F,4200.0,-3.6232492903979003,0,test
O=C(Nc1ccc2c(c1)N(S(=O)(=O)c1ccc(F)cc1)CCC2)c1ccccc1Cl,5900.0,-3.7708520116421442,0,train
O=C(Nc1ccc2c(c1)N(S(=O)(=O)c1ccc(F)cc1)CCC2)c1c(F)cccc1Cl,5300.0,-3.724275869600789,0,train
CC(C)(C)OC(=O)/N=C(\NCCCc1cc(C(=O)NCc2ccncc2)no1)NC(=O)OC(C)(C)C,15390.0,-4.187238619831478,0,train
CC(C)(C)OC(=O)/N=C(/NCCc1cc(NC(=O)Nc2ccncc2)no1)NC(=O)OC(C)(C)C,29940.0,-4.476251796007033,0,train
C[Si](C)(O)c1ccc(N(CC(F)(F)F)S(=O)(=O)c2ccccc2)cc1,11000.0,-4.041392685158225,0,train
COc1ccc(C(C)(C)c2cnc(SCCOc3ccc(-n4ccnc4)cc3)n2-c2ccc(F)cc2)cc1OC,6400.0,-3.806179973983887,0,train
CNC(=O)O[C@@H](CC(C)C)c1nc([C@H]2OC(=O)/C(C)=C/C/C(C)=C/[C@@H](O)[C@@H](C)/C=C(C)\C=C(C)/C=C/[C@@H](O)[C@H](C)[C@H](OC)/C(C)=C/C=C/[C@@H]2C)cs1,200.0,-2.3010299956639813,0,train
CS(=O)(=O)NC(=O)c1ccc([C@@H]2C[C@H]2c2ccc(OCc3c(-c4c(Cl)cccc4Cl)noc3C3CC3)cc2Cl)cc1,46.0,-1.662757831681574,0,train
Cn1nc(C(=O)O)c2ccc(C3CC3c3ccc(OCc4c(-c5c(Cl)cccc5Cl)noc4C4CC4)cc3Cl)cc21,13.5,-1.130333768495006,0,train
O=C(O)c1cncc(C2CC2c2ccc(OCc3c(-c4c(Cl)cccc4Cl)noc3C3CC3)cc2Cl)c1,12.0,-1.0791812460476249,0,train
O=C(O)c1ccc(C2CC2c2ccc(OCc3c(-c4c(Cl)cccc4Cl)noc3C3CC3)cc2Cl)cn1,61.5,-1.7888751157754168,0,train
O=C(O)c1cccc([C@H]2C[C@](O)(c3ccc(OCc4c(-c5c(Cl)cccc5Cl)noc4C4CC4)cc3Cl)C2)c1,27.0,-1.4313637641589874,1,train
O=C(O)c1cccc([C@H]2C[C@](OCCO)(c3ccc(OCc4c(-c5c(Cl)cccc5Cl)noc4C4CC4)cc3Cl)C2)c1,375.0,-2.574031267727719,1,test
CC(C)c1onc(-c2c(Cl)cccc2Cl)c1COc1ccc(/C=C/c2cccc(C(=O)NNC(=S)Nc3ccc(-c4c5ccc(=O)cc-5oc5cc(O)ccc45)c(C(=O)O)c3)c2)c(Cl)c1,550.0,-2.7403626894942437,0,train
Cc1ccc(C(=O)NCc2ccc(C(=O)O)cc2)cc1C,320.0,-2.505149978319906,0,test
O=C(O)c1ccc(CNC(=O)c2cccc(-c3ccccc3)c2)cc1,670.0,-2.8260748027008264,0,test
O=C(O)c1ccc(CNC(=O)c2ccc(-c3ccccc3)cc2)cc1,440.0,-2.6434526764861874,0,train
COc1ccc(C(=O)NCc2ccc(C(=O)O)cc2)cc1OC,370.0,-2.568201724066995,0,train
O=C(O)c1ccc(CNC(=O)c2ccc3ccccc3c2)cc1,1360.0,-3.1335389083702174,0,train
CC(C)(C)c1ccc(C(=O)NCc2ccc(C(=O)O)cc2)cc1,370.0,-2.568201724066995,1,test
COc1cc(C(=O)NCc2ccc(C(=O)O)cc2)ccc1C(C)(C)C,1200.0,-3.0791812460476247,0,train
CC(C)(C)c1ccc(NC(=O)Nc2ccc(C(=O)O)cc2)cc1,3800.0,-3.57978359661681,1,train
CC(C)(C)c1ccc(C(=O)NCc2cccc(C(=O)O)c2)cc1,1700.0,-3.230448921378274,1,test
CC(C)(C)c1ccc(C(=O)NCc2ccc(CC(=O)O)cc2)cc1,6400.0,-3.806179973983887,1,train
CC(C)(C)c1ccc(C(=O)NCc2ccc(CCC(=O)O)cc2)cc1,350.0,-2.5440680443502757,1,train
CC(C)(C)c1ccc(C(=O)NCc2ccc(OCC(=O)O)cc2)cc1,730.0,-2.863322860120456,1,train
Cc1cc(CNC(=O)c2ccc(C(C)(C)C)cc2)ccc1C(=O)O,160.0,-2.204119982655925,1,train
CC(C)(C)c1ccc(C(=O)NCc2ccc(C(=O)O)c(F)c2)cc1,140.0,-2.146128035678238,1,train
CC(C)(C)c1ccc(C(=O)NCc2ccc(C(=O)O)c(Cl)c2)cc1,8.8,-0.9444826721501687,1,train
CC(C)(C)c1ccc(C(=O)NCc2ccc(C(=O)O)cc2F)cc1,7.8,-0.8920946026904804,1,test
CC(C)(C)c1ccc(C(=O)NCc2ccc(C(=O)O)cc2Cl)cc1,7500.0,-3.8750612633917,1,train
CC(NC(=O)c1ccc(C(C)(C)C)cc1)c1ccc(C(=O)O)cc1,76.0,-1.8808135922807914,0,train
CC(C)(C)c1ccc(C(=O)NCc2ccc(C=O)cc2)cc1,5300.0,-3.724275869600789,1,train
CC(=O)c1ccc(CNC(=O)c2ccc(C(C)(C)C)cc2)cc1,100.0,-2.0,1,train
CC(C)(C)c1ccc(C(=O)NCc2ccc(C(N)=O)cc2)cc1,3800.0,-3.57978359661681,1,train
CNC(=O)c1ccc(CNC(=O)c2ccc(C(C)(C)C)cc2)cc1,340.0,-2.531478917042255,0,train
CN(C)C(=O)c1ccc(CNC(=O)c2ccc(C(C)(C)C)cc2)cc1,170.0,-2.230448921378274,0,train
CC(=O)Nc1ccc(CNC(=O)c2ccc(C(C)(C)C)cc2)cc1,2900.0,-3.462397997898956,1,train
CC(C)(C)c1ccc(C(=O)NCc2ccc(NC(=O)C(F)(F)F)cc2)cc1,260.0,-2.4149733479708178,1,train
CC(C)(C)c1ccc(C(=O)NCc2ccc(-c3nnn[nH]3)cc2)cc1,120.0,-2.0791812460476247,0,train
CC(C)(C)c1ccc(C(=O)NCc2ccc(S(N)(=O)=O)cc2)cc1,1400.0,-3.146128035678238,1,train
CC(C)(C)c1ccc(C(=O)NCc2ccc(NS(C)(=O)=O)cc2)cc1,44.0,-1.6434526764861874,1,test
COc1ccc(CNC(=O)c2ccc(C(C)(C)C)cc2)cc1,150.0,-2.1760912590556813,1,train
CCOc1ccc(CNC(=O)c2ccc(C(C)(C)C)cc2)cc1,160.0,-2.204119982655925,1,train
CC(C)Oc1ccc(CNC(=O)c2ccc(C(C)(C)C)cc2)cc1,170.0,-2.230448921378274,1,train
CC(C)(C)c1ccc(C(=O)NCc2ccc(OC(F)(F)F)cc2)cc1,160.0,-2.204119982655925,1,train
CSc1ccc(CNC(=O)c2ccc(C(C)(C)C)cc2)cc1,100.0,-2.0,1,test
C[S+](O)c1ccc(CNC(=O)c2ccc(C(C)(C)C)cc2)cc1,1300.0,-3.113943352306837,1,train
CC(C)(C)c1ccc(C(=O)NCc2ccc(S(C)(=O)=O)cc2)cc1,3800.0,-3.57978359661681,1,train
CC(C)(C)c1ccc(C(=O)NCc2ccc(SC(F)(F)F)cc2)cc1,0.4,0.3979400086720376,1,train
CC(C)(C)c1ccc(C(=O)NCc2ccc(S(N)(=O)=O)cc2F)cc1,970.0,-2.9867717342662448,1,train
CC(C)(C)c1ccc(C(=O)NCc2ccc(NC(=O)C(F)(F)F)cc2Cl)cc1,14.0,-1.146128035678238,1,train
CC(C)(C)c1ccc(C(=O)NCc2ccc(NS(C)(=O)=O)cc2Cl)cc1,20.4,-1.3096301674258988,1,test
CC(C)(C)c1ccc(C(=O)NCc2ccc(N)cc2Cl)cc1,46.0,-1.662757831681574,0,train
O=C(O)c1ccc2nc(N3CCC(OCc4c(-c5c(Cl)cccc5Cl)noc4C4CC4)CC3)sc2c1,8.9,-0.9493900066449128,0,train
O=C(O)c1ccc2nc(N3CCC(OCc4c(-c5ccccc5C(F)(F)F)noc4C4CC4)CC3)sc2c1,68.0,-1.8325089127062364,1,train
O=C(O)c1ccc2nc(N3CCC(OCc4c(-c5ccccc5OC(F)(F)F)noc4C4CC4)CC3)sc2c1,19.0,-1.2787536009528289,0,train
O=C(O)c1ccc2nc(N3CCCC(OCc4c(-c5ccccc5OC(F)(F)F)noc4C4CC4)CC3)sc2c1,5.4,-0.7323937598229685,1,test
O=C(O)c1ccc2nc(N3C4CCC3CC(OCc3c(-c5ccccc5OC(F)(F)F)noc3C3CC3)C4)sc2c1,0.615,0.21112488422458325,0,train
Cc1cc(C(=O)O)cc2sc(N3C4CCC3CC(OCc3c(-c5ccccc5OC(F)(F)F)noc3C3CC3)C4)nc12,0.655,0.1837587000082169,0,test
COc1cc(C(=O)O)cc2sc(N3C4CCC3CC(OCc3c(-c5ccccc5OC(F)(F)F)noc3C3CC3)C4)nc12,0.495,0.3053948010664313,0,train
O=C(O)c1cc(F)c2nc(N3C4CCC3CC(OCc3c(-c5ccccc5OC(F)F)noc3C3CC3)C4)sc2c1,0.535,0.27164621797877153,0,train
O=C(O)c1cc(F)c2nc(N3C4CCC3CC(OCc3c(-c5ccccc5C(F)(F)F)noc3C3CC3)C4)sc2c1,0.5,0.3010299956639812,0,train
Cc1ccc2nc(-c3ccc(Cl)c(Cl)c3)c(NCc3ccccc3)n2c1,24.0,-1.380211241711606,0,train
Cc1ccc2nc(-c3cccc(Cl)c3)c(NCc3ccccc3)n2c1,16.0,-1.2041199826559248,1,test
Cc1ccc2nc(-c3ccc(Br)cc3)c(NCc3ccccc3)n2c1,430.0,-2.6334684555795866,1,train
Cc1ccc2nc(-c3ccc(F)cc3)c(NCc3ccccc3)n2c1,170.0,-2.230448921378274,1,test
Cc1ccc2nc(-c3ccc(Cl)cc3)c(NCc3ccccc3)n2c1,240.0,-2.380211241711606,1,train
Cc1ccc2nc(-c3ccc4c(c3)OCCO4)c(NCc3ccccc3)n2c1,170.0,-2.230448921378274,0,train
COc1ccc(-c2nc3ccc(C)cn3c2NCc2ccccc2)cc1OC,910.0,-2.9590413923210934,0,train
COc1ccc(-c2nc3ccc(C)cn3c2NCc2ccccc2)cc1,1270.0,-3.103803720955957,0,test
COc1cccc(-c2nc3ccc(C)cn3c2NCc2ccccc2)c1,250.0,-2.3979400086720375,0,train
Cc1ccc2nc(/C=C/c3ccccc3)c(NCc3ccccc3)n2c1,1160.0,-3.0644579892269186,0,test
Cc1ccc2nc(CCc3ccccc3)c(NCc3ccccc3)n2c1,310.0,-2.4913616938342726,1,train
Cc1ccc2nc(-c3ccc4ccccc4c3)c(NCc3ccccc3)n2c1,210.0,-2.322219294733919,0,train
Cc1ccc2nc(-c3ccc(-c4ccccc4)cc3)c(NCc3ccccc3)n2c1,81.0,-1.9084850188786497,1,train
Cc1ccc(-c2nc3ccc(C)cn3c2NCc2ccccc2)cc1,130.0,-2.113943352306837,1,train
Cc1cccc(-c2nc3ccc(C)cn3c2NCc2ccccc2)c1,180.0,-2.255272505103306,1,train
Cc1ccc2nc(-c3ccccc3C)c(NCc3ccccc3)n2c1,260.0,-2.4149733479708178,1,train
Cc1ccc2nc(-c3ccccc3)c(NCc3ccccc3)n2c1,280.0,-2.4471580313422194,1,train
COc1ccc(CNc2c(-c3cccs3)nc3ccc(C)cn23)cc1,170.0,-2.230448921378274,0,train
Cc1ccc(CNc2c(-c3cccs3)nc3ccc(C)cn23)cc1,220.0,-2.342422680822206,0,train
Cc1ccc2nc(-c3cccs3)c(Cc3ccccc3)n2c1,810.0,-2.9084850188786495,1,test
Cc1ccn2c(NCCCCc3ccccc3)c(-c3cccs3)nc2c1,750.0,-2.8750612633917,0,train
Cc1ccc2nc(-c3cccs3)c(NCCCc3ccccc3)n2c1,230.0,-2.361727836017593,0,test
Cc1ccc2nc(-c3cccs3)c(NCCc3ccccc3)n2c1,1000.0,-3.0,1,train
c1ccc(CNc2c(-c3cccs3)nc3ccc(-c4ccccc4)cn23)cc1,200.0,-2.3010299956639813,0,train
COc1ccc2nc(-c3cccs3)c(NCc3ccccc3)n2c1,830.0,-2.9190780923760737,1,train
FC(F)(F)c1ccc2nc(-c3cccs3)c(NCc3ccccc3)n2c1,460.0,-2.6627578316815743,0,train
Brc1ccc2nc(-c3cccs3)c(NCc3ccccc3)n2c1,500.0,-2.6989700043360187,1,train
Clc1ccc2nc(-c3cccs3)c(NCc3ccccc3)n2c1,160.0,-2.204119982655925,1,train
CCc1ccn2c(NCc3ccccc3)c(-c3cccs3)nc2c1,1200.0,-3.0791812460476247,0,train
Cc1ccc2nc(-c3cccs3)c(NCc3ccccc3)n2c1,540.0,-2.7323937598229686,1,test
c1ccc(CNc2c(-c3cccs3)nc3ccccn23)cc1,4000.0,-3.6020599913279625,0,train
COc1ccc(CNc2c(-c3cc(Cl)ccn3)nc3ccc(Cl)cn23)cc1,0.3,0.5228787452803376,0,test
Cc1ccc2nc(-c3ccc(Cl)cn3)c(NCc3ccccc3)n2c1,7.4,-0.8692317197309762,1,train
Cc1ccc2nc(-c3cc(Cl)ccn3)c(NCc3ccccc3)n2c1,1.5,-0.17609125905568124,1,train
Cc1ccc2nc(-c3cccc(Cl)n3)c(NCc3ccccc3)n2c1,80.0,-1.9030899869919435,1,train
Cc1ccc2nc(-c3cnccn3)c(NCc3ccccc3)n2c1,1200.0,-3.0791812460476247,1,train
Cc1ccc2nc(-c3ccccn3)c(NCc3ccccc3)n2c1,20.0,-1.3010299956639813,1,train
Cc1ccc2nc(-c3cccnc3)c(NCc3ccccc3)n2c1,520.0,-2.716003343634799,1,test
Cc1ccc2nc(-c3ccncc3)c(NCc3ccccc3)n2c1,2000.0,-3.3010299956639813,1,test
Cc1ccc2nc(-c3nc(C)cs3)c(NCc3ccccc3)n2c1,220.0,-2.342422680822206,1,test
Cc1ccc2nc(-c3cccn3C)c(NCc3ccccc3)n2c1,1100.0,-3.041392685158225,1,test
Cc1ccc2nc(-c3ccoc3)c(NCc3ccccc3)n2c1,1900.0,-3.278753600952829,1,train
Cc1ccc2nc(-c3ccsc3)c(NCc3ccccc3)n2c1,830.0,-2.9190780923760737,1,test
Cc1ccc2nc(-c3ccco3)c(NCc3ccccc3)n2c1,560.0,-2.7481880270062002,1,train
Cc1ccc2nc(-c3ccc(F)c(Cl)c3)c(NCc3ccccc3)n2c1,26.0,-1.414973347970818,0,train
CC[C@@H]1[C@@H]2C[C@H](O)CC[C@]2(C)[C@H]2CC[C@@]3(C)[C@@H](CC[C@@H]3[C@H](C)CCNC(=O)O[C@H]3CCOC3)[C@@H]2[C@@H]1O,85.0,-1.9294189257142929,1,train
CC[C@@H]1[C@@H]2C[C@H](O)CC[C@]2(C)[C@H]2CC[C@@]3(C)[C@@H](CC[C@@H]3[C@H](C)CCc3nn[nH]n3)[C@@H]2[C@@H]1O,60.0,-1.7781512503836436,1,train
CC[C@@H]1[C@@H]2C[C@H](O)CC[C@]2(C)[C@H]2CC[C@@]3(C)[C@@H](CC[C@@H]3[C@H](C)CCC3NC(=O)NC3=O)[C@@H]2[C@@H]1O,2700.0,-3.4313637641589874,1,train
CC[C@@H]1[C@@H]2C[C@H](O)CC[C@]2(C)[C@H]2CC[C@@]3(C)[C@@H](CC[C@@H]3[C@H](C)CCc3cc(O)no3)[C@@H]2[C@@H]1O,30.0,-1.4771212547196624,1,train
CC[C@@H]1[C@@H]2C[C@H](O)CC[C@]2(C)[C@H]2CC[C@@]3(C)[C@@H](CC[C@@H]3[C@H](C)CCC(C)=O)[C@@H]2[C@@H]1O,1000.0,-3.0,1,train
CC[C@@H]1[C@@H]2C[C@H](O)CC[C@]2(C)[C@H]2CC[C@@]3(C)[C@@H](CC[C@@H]3[C@H](C)CCC(=O)S)[C@@H]2[C@@H]1O,240.0,-2.380211241711606,1,train
CC[C@@H]1[C@@H]2C[C@H](O)CC[C@]2(C)[C@H]2CC[C@@]3(C)[C@@H](CC[C@@H]3[C@H](C)CCC(N)=O)[C@@H]2[C@@H]1O,600.0,-2.7781512503836434,1,test
CC[C@@H]1[C@@H]2C[C@H](O)CC[C@]2(C)[C@H]2CC[C@@]3(C)[C@@H](CC[C@@H]3[C@H](C)CCC(=O)NCCS(=O)(=O)O)[C@@H]2[C@@H]1O,230.0,-2.361727836017593,1,test
CC[C@@H]1[C@@H]2C[C@H](O)CC[C@]2(C)[C@H]2CC[C@@]3(C)[C@@H](CC[C@@H]3[C@H](C)CCC(=O)NCC(=O)O)[C@@H]2[C@@H]1O,290.0,-2.462397997898956,1,train
CC[C@@H]1[C@@H]2C[C@H](O)CC[C@]2(C)[C@H]2CC[C@@]3(C)[C@@H](CC[C@@H]3[C@H](C)CCCNC(=O)N3CC[C@H](O)C3)[C@@H]2[C@@H]1O,370.0,-2.568201724066995,0,train
CC[C@@H]1[C@@H]2C[C@H](O)CC[C@]2(C)[C@H]2CC[C@@]3(C)[C@@H](CC[C@@H]3[C@H](C)CCNC(=O)N3CC[C@H](O)C3)[C@@H]2[C@@H]1O,80.0,-1.9030899869919435,0,train
CC[C@@H]1[C@@H]2C[C@H](O)CC[C@]2(C)[C@H]2CC[C@@]3(C)[C@@H](CC[C@@H]3[C@H](C)CCNC(=O)NC3CC3)[C@@H]2[C@@H]1O,70.0,-1.845098040014257,1,train
CC[C@@H]1[C@@H]2C[C@H](O)CC[C@]2(C)[C@H]2CC[C@@]3(C)[C@@H](CC[C@@H]3[C@H](C)CCCNC(N)=O)[C@@H]2[C@@H]1O,130.0,-2.113943352306837,1,test
CC[C@@H]1[C@@H]2C[C@H](O)CC[C@]2(C)[C@H]2CC[C@@]3(C)[C@@H](CC[C@@H]3[C@H](C)CCNC(N)=O)[C@@H]2[C@@H]1O,230.0,-2.361727836017593,1,train
CC[C@@H]1[C@@H]2C[C@H](O)CC[C@]2(C)[C@H]2CC[C@@]3(C)[C@@H](CC[C@@H]3[C@H](C)CCCNS(=O)(=O)c3ccccc3)[C@@H]2[C@@H]1O,230.0,-2.361727836017593,1,test
CC[C@@H]1[C@@H]2C[C@H](O)CC[C@]2(C)[C@H]2CC[C@@]3(C)[C@@H](CC[C@@H]3[C@H](C)CCCNS(C)(=O)=O)[C@@H]2[C@@H]1O,110.0,-2.041392685158225,1,train
CC[C@@H]1[C@@H]2C[C@H](O)CC[C@]2(C)[C@H]2CC[C@@]3(C)[C@@H](CC[C@@H]3[C@H](C)CCNS(=O)(=O)c3ccccc3)[C@@H]2[C@@H]1O,470.0,-2.6720978579357175,1,train
CC[C@@H]1[C@@H]2C[C@H](O)CC[C@]2(C)[C@H]2CC[C@@]3(C)[C@@H](CC[C@@H]3[C@H](C)CCNS(=O)(=O)C3CC3)[C@@H]2[C@@H]1O,230.0,-2.361727836017593,1,train
CC[C@@H]1[C@@H]2C[C@H](O)CC[C@]2(C)[C@H]2CC[C@@]3(C)[C@@H](CC[C@@H]3[C@H](C)CCNS(C)(=O)=O)[C@@H]2[C@@H]1O,280.0,-2.4471580313422194,1,train
CC[C@@H]1[C@@H]2C[C@H](O)CC[C@]2(C)[C@H]2CC[C@@]3(C)[C@@H](CC[C@@H]3[C@H](C)CCNC(C)=O)[C@@H]2[C@@H]1O,150.0,-2.1760912590556813,1,train
CC[C@@H]1[C@@H]2C[C@H](O)CC[C@]2(C)[C@H]2CC[C@@]3(C)[C@@H](CC[C@@H]3[C@H](C)CCNC(=O)C(=O)O)[C@@H]2[C@@H]1O,20.0,-1.3010299956639813,1,train
CC[C@@H]1[C@@H]2C[C@H](O)CC[C@]2(C)[C@H]2CC[C@@]3(C)[C@@H](CC[C@@H]3[C@H](C)CCNC(=O)c3ccccn3)[C@@H]2[C@@H]1O,30.0,-1.4771212547196624,1,test
CC[C@@H]1[C@@H]2C[C@H](O)CC[C@]2(C)[C@H]2CC[C@@]3(C)[C@@H](CC[C@@H]3[C@H](C)CCNC(=O)OCc3ccccc3)[C@@H]2[C@@H]1O,300.0,-2.4771212547196626,1,train
CC[C@@H]1[C@@H]2C[C@H](O)CC[C@]2(C)[C@H]2CC[C@@]3(C)[C@@H](CC[C@@H]3[C@H](C)CCNC(=O)OC3CCCCC3)[C@@H]2[C@@H]1O,300.0,-2.4771212547196626,1,train
CC[C@@H]1[C@@H]2C[C@H](O)CC[C@]2(C)[C@H]2CC[C@@]3(C)[C@@H](CC[C@@H]3[C@H](C)CCNC(=O)OC3CCC3)[C@@H]2[C@@H]1O,150.0,-2.1760912590556813,1,train
CC[C@@H]1[C@@H]2C[C@H](O)CC[C@]2(C)[C@H]2CC[C@@]3(C)[C@@H](CC[C@@H]3[C@H](C)CCNC(=O)OC(C)C)[C@@H]2[C@@H]1O,300.0,-2.4771212547196626,1,train
CC[C@@H]1[C@@H]2C[C@H](O)CC[C@]2(C)[C@H]2CC[C@@]3(C)[C@@H](CC[C@@H]3[C@H](C)CCNC(=O)OC)[C@@H]2[C@@H]1O,300.0,-2.4771212547196626,1,train
CC[C@@H]1[C@@H]2Cc3[nH]ncc3C[C@]2(C)[C@H]2CC[C@@]3(C)[C@@H](CC[C@@H]3[C@H](C)CCC(=O)O)[C@@H]2[C@@H]1O,300.0,-2.4771212547196626,0,train
CC[C@@H]1[C@@H]2CC3(CC3)CC[C@]2(C)[C@H]2CC[C@@]3(C)[C@@H](CC[C@@H]3[C@H](C)CCC(=O)O)[C@@H]2[C@@H]1O,700.0,-2.845098040014257,0,train
CC[C@@H]1[C@@H]2CC(F)(F)CC[C@]2(C)[C@H]2CC[C@@]3(C)[C@@H](CC[C@@H]3[C@H](C)CCC(=O)O)[C@@H]2[C@@H]1O,1100.0,-3.041392685158225,0,train
CC[C@@H]1[C@@H]2CCCC[C@]2(C)[C@H]2CC[C@@]3(C)[C@@H](CC[C@@H]3[C@H](C)CCC(=O)O)[C@@H]2[C@@H]1O,400.0,-2.6020599913279625,0,train
CC[C@@H]1[C@@H]2CC(C)CC[C@]2(C)[C@H]2CC[C@@]3(C)[C@@H](CC[C@@H]3[C@H](C)CCC(=O)O)[C@@H]2[C@@H]1O,1500.0,-3.1760912590556813,1,train
CC[C@@H]1[C@@H]2C[C@H](OC)CC[C@]2(C)[C@H]2CC[C@@]3(C)[C@@H](CC[C@@H]3[C@H](C)CCC(=O)O)[C@@H]2[C@@H]1O,1800.0,-3.255272505103306,1,train
CC[C@@H]1[C@@H]2C[C@H](O)CC[C@]2(C)[C@H]2CC[C@@]3(C)[C@@H](CC[C@@H]3[C@H](C)CCC(=O)NS(C)(=O)=O)[C@@H]2[C@@H]1O,50.0,-1.6989700043360187,1,train
C[C@H](CCC(=O)O)[C@H]1CC[C@H]2[C@@H]3CC[C@@H]4C[C@H](O[C@@H]5O[C@H](CO)[C@@H](O)[C@H](O)[C@H]5O)CC[C@]4(C)[C@H]3C[C@H](O)[C@@]21C,76000.0,-4.880813592280791,0,train
C[C@H](CCC(=O)O)[C@H]1CC[C@H]2[C@H]3[C@H](C[C@H](O)[C@@]21C)[C@@]1(C)CC[C@@H](O[C@@H]2O[C@H](CO)[C@@H](O)[C@H](O)[C@H]2O)C[C@H]1C[C@H]3O,91500.0,-4.9614210940664485,0,train
C[C@H](CCC(=O)O)[C@H]1CC[C@H]2[C@H]3[C@H](C[C@H](O)[C@@]21C)[C@@]1(C)CC[C@@H](O)C[C@H]1C[C@H]3O,45000.0,-4.653212513775344,0,train
O=C(O)c1cnc(N2CC(O)(c3ccc(OCc4c(-c5c(Cl)cncc5Cl)noc4C4CC4)cc3Cl)C2)c(F)c1,4.9,-0.6901960800285137,0,train
O=C(O)c1ccc(N2CC(O)(c3ccc(OCc4c(-c5c(Cl)cccc5Cl)noc4C4CC4)cc3Cl)C2)nc1,4.85,-0.6857417386022636,0,train
O=C(O)c1cnc(N2CC(O)(c3ccc(OCc4c(-c5c(Cl)cccc5Cl)noc4C4CC4)cc3Cl)C2)c(F)c1,4.65,-0.667452952889954,0,train
O=C(O)c1ccccc1-c1ccccc1C(=O)N1CCN(Cc2ccc3c(c2)OCO3)CC1,5990.0,-3.7774268223893115,0,train
CN(Cc1ccc(N2CCCCC2)cc1)C(=O)c1n[nH]c(=O)c2ccccc12,14400.0,-4.158362492095249,0,train
COc1cc([N+](=O)[O-])ccc1NC(=O)CNc1ccccc1N1CCCC1=O,4330.0,-3.6364878963533656,0,test
O=C(Nc1cccc2c(=O)cc(-c3nn[nH]n3)oc12)c1ccc(OCCCCc2ccccc2)cc1,15000.0,-4.176091259055681,0,train
CC(=O)NCCN(Cc1ccccc1)C(=O)c1c2c(nn1C)-c1cc(Br)ccc1OC2,6000.0,-3.778151250383644,0,train
Cn1nc(C(=O)N(CC(=O)Nc2cc(C(=O)O)ccc2F)Cc2cccc(F)c2)c2c1-c1cc(F)ccc1OC2,6.5,-0.8129133566428556,0,test
CC(=O)NCCN(Cc1ccc(F)cc1)C(=O)c1nn(C)c2c1COc1ccc(Br)cc1-2,525.0,-2.720159303405957,1,train
CC(=O)NCCN(Cc1ccccc1F)C(=O)c1nn(C)c2c1COc1ccc(Br)cc1-2,34.5,-1.5378190950732742,1,train
CCC(C)c1ccc2c(c1)-c1c(c(C(=O)N(CCNC(C)=O)Cc3ccccc3)nn1C)CO2,25.0,-1.3979400086720377,0,train
CC(=O)NCCN(Cc1ccccc1)C(=O)c1nn(C)c2c1COc1ccc(I)cc1-2,18.5,-1.2671717284030137,1,test
CC(=O)NCCN(Cc1ccccc1)C(=O)c1nn(C)c2c1COc1ccc(Br)cc1-2,44.0,-1.6434526764861874,1,train
CC(=O)NCCN(Cc1ccccc1)C(=O)c1n[nH]c2c1COc1ccc(Br)cc1-2,11000.0,-4.041392685158225,1,train
CC(=O)NCCN(Cc1ccccc1)C(=O)c1nn(C)c2c1C(C)(C)Oc1ccc(Br)cc1-2,4300.0,-3.6334684555795866,0,test
COC(C[C@@H](C)C1=C2C[C@H](O)[C@H]3[C@@]4(C)CCC(=O)C(C)(C)[C@@H]4CC[C@]3(C)[C@@]2(C)CC1)OC,5600.0,-3.7481880270062002,0,train
CC(=O)O[C@H]([C@@H]1C[C@@H](C)C2=C3CC[C@@H]4[C@](C)(CC[C@H]5C(C)(C)C(=O)CC[C@]45C)[C@@]3(C)C[C@@H]2O1)C(C)(C)O,46960.0,-4.671728088239558,0,train
CC(=O)O[C@H]([C@@H]1C[C@@H](C)C2=C3[C@H](O)C[C@@H]4[C@](C)(CC[C@H]5C(C)(C)C(=O)CC[C@]45C)[C@@]3(C)C[C@@H]2O1)C(C)(C)O,30080.0,-4.478277831919605,0,train
CO[C@H]1C[C@@]2(C)C(=C1[C@H](C)C[C@H](O)[C@@H](OC(C)=O)C(C)(C)O)[C@H](O)C[C@@H]1[C@]2(C)CC[C@H]2C(C)(C)C(=O)CC[C@]12C,16430.0,-4.215637563435061,0,train
COC(=O)C[C@@H](C)C1=C2[C@H](O)C[C@@H]3[C@](C)(CC[C@H]4C(C)(C)C(=O)CC[C@]34C)[C@@]2(C)C[C@@H]1OC,20250.0,-4.306425027550687,0,train
C=C(C)[C@@H](O)[C@@H]1C[C@@H](C)[C@@]2(CC[C@@]3(C)C2=C[C@H](OC)[C@H]2[C@@]4(C)CCC(=O)C(C)(C)[C@@H]4CC[C@@]23C)O1,17600.0,-4.2455126678141495,0,train
CC(C)[C@H]1O[C@H]2C3=C([C@H](C)C[C@H](O)[C@@H](O)C(C)(C)O)CC[C@]3(C)[C@@]3(C)CC[C@H]4C(C)(C)C(=O)CC[C@]4(C)[C@@H]3[C@H]2O1,10970.0,-4.040206627574711,0,train
COC(OC)C(C)(C)[C@@H](O)C[C@@H](C)C1=C2C[C@H](O)[C@H]3[C@@]4(C)CCC(=O)C(C)(C)[C@@H]4CC[C@]3(C)[C@@]2(C)CC1,12070.0,-4.08170727009735,1,train
CCOC(C)(C)[C@H](O)[C@@H](O)C[C@@H](C)C1=C2C=C[C@H]3[C@@]4(C)CCC(=O)C(C)(C)[C@@H]4CC[C@]3(C)[C@@]2(C)CC1=O,14700.0,-4.1673173347481764,1,train
CO[C@H]1CC2=C3[C@H](C[C@]2(C)[C@@]2(C)CC[C@H]4C(C)(C)C(=O)CC[C@]4(C)[C@H]12)O[C@H]([C@@H](O)C(C)(C)O)C[C@H]3C,14380.0,-4.157758886046864,0,test
COC(C)(C)[C@H](OC(C)=O)[C@@H]1C[C@@H](C)C2=C3C[C@H](O)[C@H]4[C@@]5(C)CCC(=O)C(C)(C)[C@@H]5CC[C@]4(C)[C@@]3(C)C[C@@H]2O1,16680.0,-4.22219604630172,0,train
C[C@@H]1C[C@@H]([C@@H](O)C(C)(C)O)O[C@H]2C[C@@]3(C)C(=C21)CC[C@@H]1[C@]3(C)CC[C@H]2C(C)(C)C(=O)CC[C@]12C,13260.0,-4.122543524068754,0,train
C[C@H](C[C@@H]1OC(C)(C)O[C@H]1C(C)(C)O)C1=C2C=C[C@H]3[C@@]4(C)CCC(=O)C(C)(C)[C@@H]4CC[C@]3(C)[C@@]2(C)CC1=O,2520.0,-3.401400540781544,0,test
C[C@@H]1C[C@@H]([C@@H](O)C(C)(C)O)O[C@H]2C[C@@]3(C)C(=C21)[C@H](O)C[C@@H]1[C@]3(C)CC[C@H]2C(C)(C)C(=O)CC[C@]12C,20320.0,-4.307923703611881,0,train
CC(C)C(=O)[C@@H](O)C[C@@H](C)C1=C2C[C@H](O)[C@H]3[C@@]4(C)CCC(=O)C(C)(C)[C@@H]4CC[C@]3(C)[C@@]2(C)CC1,90.0,-1.9542425094393248,1,train
C=C(C)[C@H](O)[C@@H]1C[C@@H](C)C2=C3C[C@H](O)[C@H]4[C@@]5(C)CCC(=O)C(C)(C)[C@@H]5CC[C@]4(C)[C@@]3(C)C[C@@H]2O1,13300.0,-4.123851640967086,0,train
C[C@H](C[C@H](O)[C@@H](O)C(C)(C)O)C1=C2CC[C@@H]3[C@](C)(CC[C@H]4C(C)(C)C(=O)CC[C@]34C)[C@@]2(C)CC1,3360.0,-3.526339277389844,1,test
COC(C)(C)[C@H](O)[C@@H](O)C[C@@H](C)C1=C2C[C@H](O)[C@H]3[C@@]4(C)CCC(=O)C(C)(C)[C@@H]4CC[C@]3(C)[C@@]2(C)CC1,8900.0,-3.949390006644913,1,train
C[C@H](C[C@H](O)[C@@H](O)C(C)(C)O)C1=C2C[C@H](O)[C@H]3[C@@]4(C)CCC(=O)C(C)(C)[C@@H]4CC[C@]3(C)[C@@]2(C)CC1=O,29680.0,-4.47246389660699,1,train
C[C@H](C[C@H](O)[C@@H](O)C(C)(C)O)C1=C2C=C[C@H]3[C@@]4(C)CCC(=O)C(C)(C)[C@@H]4CC[C@]3(C)[C@@]2(C)CC1=O,6000.0,-3.778151250383644,1,train
C[C@@H]1C[C@@H]([C@@H](O)C(C)(C)O)O[C@H]2C[C@@]3(C)C(=C21)C[C@H](O)[C@H]1[C@@]2(C)CCC(=O)C(C)(C)[C@@H]2CC[C@@]13C,15100.0,-4.17897694729317,0,train
C[C@H](C[C@H](O)[C@@H](O)C(C)(C)O)C1=C2C[C@H](O)[C@H]3[C@@]4(C)CCC(=O)C(C)(C)[C@@H]4CC[C@]3(C)[C@@]2(C)CC1,10160.0,-4.0068937079479,1,train
C=C(C)[C@H](O)[C@@H](O)C[C@@H](C)C1=C2C[C@H](O)[C@H]3[C@@]4(C)CCC(=O)C(C)(C)[C@@H]4CC[C@]3(C)[C@@]2(C)CC1,24090.0,-4.381836799998343,1,test
C[C@H](C[C@H](O)[C@H]1OC1(C)C)C1=C2C[C@H](O)[C@H]3[C@@]4(C)CCC(=O)C(C)(C)[C@@H]4CC[C@]3(C)[C@@]2(C)CC1,8800.0,-3.9444826721501687,1,train
CC(=O)O[C@@H](C[C@@H](C)C1=C2C[C@H](O)[C@H]3[C@@]4(C)CCC(=O)C(C)(C)[C@@H]4CC[C@]3(C)[C@@]2(C)CC1)[C@H]1OC1(C)C,3570.0,-3.552668216112193,0,test
C=C(C)[C@@H](O)[C@@H](O)C[C@@H](C)C1=C2CC[C@@H]3[C@](C)(CC[C@H]4C(C)(C)C(=O)CC[C@]34C)[C@@]2(C)CC1,3030.0,-3.481442628502305,0,train
C[C@@H]1CC(=O)[C@@H](C(C)(C)O)O[C@H]2C[C@@]3(C)C(=C21)C=C[C@H]1[C@@]2(C)CCC(=O)C(C)(C)[C@@H]2CC[C@@]13C,10400.0,-4.017033339298781,0,train
CCOC(C)(C)[C@H](O)[C@@H](O)C[C@@H](C)C1=C2C[C@H](O)[C@H]3[C@@]4(C)CCC(=O)C(C)(C)[C@@H]4CC[C@]3(C)[C@@]2(C)CC1,940.0,-2.9731278535996988,1,train
C=C(C)[C@@H](O)[C@@H](O)C[C@@H](C)C1=C2C=C[C@H]3[C@@]4(C)CCC(=O)C(C)(C)[C@@H]4CC[C@]3(C)[C@@]2(C)CC1=O,2400.0,-3.380211241711606,1,test
CC(=O)C1=C2C=C[C@H]3[C@@]4(C)CCC(=O)C(C)(C)[C@@H]4CC[C@]3(C)[C@@]2(C)CC1=O,20240.0,-4.306210508167761,0,train
C[C@H](C[C@H](O)[C@@H](O)C(C)(C)O)[C@@]1(O)CC[C@@]2(C)C1=CC(=O)[C@H]1[C@@]3(C)CCC(=O)C(C)(C)[C@@H]3CC[C@@]12C,50250.0,-4.701136066092526,0,test
CC(C)(O)[C@@H]1O[C@](C)(C2=C3C[C@H](O)[C@H]4[C@@]5(C)CCC(=O)C(C)(C)[C@@H]5CC[C@]4(C)[C@@]3(C)CC2=O)C[C@@H]1O,11860.0,-4.074084689028243,0,train
CC1(C)O[C@@H]1[C@@H](O)C[C@](C)(O)C1=C2C[C@H](O)[C@H]3[C@@]4(C)CCC(=O)C(C)(C)[C@@H]4CC[C@]3(C)[C@@]2(C)CC1=O,40740.0,-4.610021024664145,0,test
CC1=CC(=O)C[C@]2(C)[C@@H]3[C@@H](O)CC4=C([C@H](C)C[C@H](O)[C@@H](O)C(C)(C)O)CC[C@]4(C)[C@@]3(C)CC[C@@H]12,5640.0,-3.751279103983342,0,train
C[C@H](C[C@H](O)[C@@H](O)C(C)(C)O)C1=C2C[C@H](O)[C@H]3[C@@]4(C)CCC(=O)C(C)(C)[C@@H]4CC[C@]3(C)[C@@]2(C)C=C1,64890.0,-4.812177774158754,1,train
C=C(C)[C@@H](O)[C@@H]1C[C@@H](C)[C@@]2(CC[C@@]3(C)C2=C[C@H](O)[C@H]2[C@@]4(C)CCC(=O)C(C)(C)[C@@H]4CC[C@@]23C)O1,15470.0,-4.189490313699367,0,test
CC(=O)O[C@@H](C[C@@H](C)C1=C2C=C[C@H]3[C@@]4(C)CCC(=O)C(C)(C)[C@@H]4CC[C@]3(C)[C@@]2(C)CC1=O)[C@H](O)C(C)(C)O,12140.0,-4.084218686739239,0,train
C[C@H](CC(=O)[C@H](O)C(C)(C)O)C1=C2C=C[C@H]3[C@@]4(C)CCC(=O)C(C)(C)[C@@H]4CC[C@]3(C)[C@@]2(C)CC1=O,15470.0,-4.189490313699367,0,train
CC(=O)O[C@H]1C[C@@H](C)C2=C3C[C@H](O)[C@H]4[C@@]5(C)CCC(=O)C(C)(C)[C@@H]5CC[C@]4(C)[C@@]3(C)C[C@@H]2O[C@H]1C(C)(C)O,20150.0,-4.304275050477128,0,train
CC(=O)O[C@H]([C@@H]1C[C@@H](C)C2=C3C[C@H](O)[C@H]4[C@@]5(C)CCC(=O)C(C)(C)[C@@H]5CC[C@]4(C)[C@@]3(C)C[C@@H]2O1)C(C)(C)O,25290.0,-4.402948829344405,0,train
C[C@H](C[C@H](O)[C@H]1OC1(C)C)C1=C2CC[C@@H]3[C@](C)(CC[C@H]4C(C)(C)C(=O)CC[C@]34C)[C@@]2(C)CC1,110.0,-2.041392685158225,1,train
C[C@@H]1C[C@@H]([C@H]2OC2(C)C)O[C@H]2C[C@@]3(C)C(=C21)C[C@H](O)[C@H]1[C@@]2(C)CCC(=O)C(C)(C)[C@@H]2CC[C@@]13C,3260.0,-3.513217600067939,0,train
C[C@@H]1C[C@@H]([C@@H](O)C(C)(C)O)O[C@H]2C[C@@]3(C)C(=C21)C=C[C@H]1[C@@]2(C)CCC(=O)C(C)(C)[C@@H]2CC[C@@]13C,5660.0,-3.7528164311882715,0,test
CC(=O)O[C@@H](C[C@@H](C)C1=C2C[C@H](O)[C@H]3[C@@]4(C)CCC(=O)C(C)(C)[C@@H]4CC[C@]3(C)[C@@]2(C)CC1=O)[C@H]1OC1(C)C,2100.0,-3.322219294733919,0,train
CCCCOC(C)(C)[C@H](O)[C@@H](O)C[C@@H](C)C1=C2C[C@H](O)[C@H]3[C@@]4(C)CCC(=O)C(C)(C)[C@@H]4CC[C@]3(C)[C@@]2(C)CC1,430.0,-2.6334684555795866,1,train
CCO[C@H]1C[C@@]2(C)C(=C1[C@H](C)C[C@H](OC(C)=O)[C@H]1OC1(C)C)C[C@H](O)[C@H]1[C@@]3(C)CCC(=O)C(C)(C)[C@@H]3CC[C@@]12C,1260.0,-3.100370545117563,0,train
C[C@H](C[C@H](O)[C@@H](O)C(C)(C)O)C1=C2C[C@H](O)[C@H]3[C@@]4(C)CCC(=O)C(C)(C)[C@@H]4C[C@@H](O)[C@]3(C)[C@@]2(C)CC1,17500.0,-4.243038048686294,0,train
C[C@H](C[C@H](O)C(=O)C(C)(C)O)C1=C2C[C@H](O)[C@H]3[C@@]4(C)CCC(=O)C(C)(C)[C@@H]4C[C@@H](O)[C@]3(C)[C@@]2(C)CC1,2230.0,-3.3483048630481607,0,train
C[C@@H]1C[C@@H]2O[C@@]3(C[C@@]4(C)C(=C13)C=C[C@H]1[C@@]3(C)CCC(=O)C(C)(C)[C@@H]3CC[C@@]14C)O[C@H]2C(C)(C)O,3340.0,-3.5237464668115646,0,train
CC(=O)/C=C/C[C@@H](C)C1=C2C[C@H](O)[C@H]3[C@@]4(C)CCC(=O)C(C)(C)[C@@H]4CC[C@]3(C)[C@@]2(C)CC1,290.0,-2.462397997898956,0,train
C[C@H](C[C@H](O)[C@@H](O)C(C)(C)O)C1=C2[C@@H](O)[C@H](O)[C@H]3[C@@]4(C)CCC(=O)C(C)(C)[C@@H]4C[C@@H](O)[C@]3(C)[C@@]2(C)CC1,55490.0,-4.7442147248141655,0,test
CC(=O)O[C@H]1C[C@@H](C)[C@@]2(CC[C@@]3(C)C(=O)C=C[C@H]4[C@@]5(C)CCC(=O)C(C)(C)[C@@H]5CC[C@@]43C)O[C@@H]1C(C)(C)O2,24480.0,-4.388811413473523,0,train
CC(=O)O[C@H]([C@@H]1C[C@@H](C)C2=C3C=C[C@H]4[C@@]5(C)CCC(=O)C(C)(C)[C@@H]5CC[C@]4(C)[C@@]3(C)C[C@@H]2O1)C(C)(C)O,4740.0,-3.6757783416740852,0,train
C[C@H](C[C@@H]1OC(C)(C)O[C@H]1C(C)(C)O)C1=C2C[C@H](O)[C@H]3[C@@]4(C)CCC(=O)C(C)(C)[C@@H]4C[C@@H](O)[C@]3(C)[C@@]2(C)CC1,2300.0,-3.361727836017593,0,test
C[C@H](C[C@H](O)[C@@H](O)[C@@]1(C)CO1)C1=C2C[C@H](O)[C@H]3[C@@]4(C)CCC(=O)C(C)(C)[C@@H]4CC[C@]3(C)[C@@]2(C)CC1,120.0,-2.0791812460476247,1,train
C=C(C)[C@@H]1OC(C)(C)O[C@H]1C[C@@H](C)C1=C2C[C@H](O)[C@H]3[C@@]4(C)CCC(=O)C(C)(C)[C@@H]4CC[C@]3(C)[C@@]2(C)CC1,8800.0,-3.9444826721501687,0,train
C[C@H](C[C@H](O)C(=O)C(C)(C)O)C1=C2[C@@H](O)[C@H](O)[C@H]3[C@@]4(C)CCC(=O)C(C)(C)[C@@H]4C[C@@H](O)[C@]3(C)[C@@]2(C)CC1,10190.0,-4.008174184006426,0,train
CC(=O)O[C@H]([C@@H](O)C[C@@H](C)C1=C2CC[C@@H]3[C@](C)(CC[C@H]4C(C)(C)C(=O)CC[C@]34C)[C@@]2(C)CC1)C(C)(C)O,9620.0,-3.983175072037813,0,train
CC(C)[C@@H](O)C[C@@H](C)C1=C2C[C@H](O)[C@H]3[C@@]4(C)CCC(=O)C(C)(C)[C@@H]4CC[C@]3(C)[C@@]2(C)CC1,6660.0,-3.823474229170301,1,train
C[C@H](C/C=C(/C=O)c1ccccc1)C1=C2C[C@H](O)[C@H]3[C@@]4(C)CCC(=O)C(C)(C)[C@@H]4CC[C@]3(C)[C@@]2(C)CC1,4690.0,-3.6711728427150834,0,train
CC(C)c1onc(-c2c(Cl)cccc2Cl)c1COc1cccc(C#N)c1,10170.0,-4.007320952922744,1,train
COC(=O)c1cccc(OCc2c(-c3c(Cl)cccc3Cl)noc2C(C)C)c1,2060.0,-3.3138672203691533,0,train
CC(C)c1onc(-c2c(Cl)cccc2Cl)c1COc1ccc(S(C)(=O)=O)cc1,1090.0,-3.037426497940624,1,train
CC(C)c1onc(-c2c(Cl)cccc2Cl)c1COc1ccc(C(=O)O)cc1,6670.0,-3.824125833916549,1,train
CC(C)c1onc(-c2c(Cl)cccc2Cl)c1COc1ccc(CO)cc1,2930.0,-3.4668676203541096,0,train
CC(C)c1onc(-c2c(Cl)cccc2Cl)c1COc1ccc(C#N)cc1,810.0,-2.9084850188786495,1,train
COC(=O)c1ccc(OCc2c(-c3c(Cl)cccc3Cl)noc2C(C)C)cc1,3590.0,-3.555094448578319,0,train
CC(C)c1onc(-c2c(Cl)cccc2Cl)c1COc1ccccc1,1590.0,-3.2013971243204513,0,test
CC(C)c1onc(-c2c(Cl)cccc2Cl)c1COc1cccc(CO)c1,4370.0,-3.640481436970422,0,test
CC(C)c1onc(-c2c(Cl)cccc2Cl)c1COc1ccc(COc2ccc(CO)cc2)cc1,740.0,-2.8692317197309762,0,train
COC(=O)c1ccc(OCc2ccc(OCc3c(-c4c(Cl)cccc4Cl)noc3C(C)C)cc2)cc1,730.0,-2.863322860120456,0,train
CC(C)c1onc(-c2c(Cl)cccc2Cl)c1COc1cccc(C(=O)O)c1,19740.0,-4.295347148333618,1,train
COC(=O)c1cccc(-c2ccc(OCc3c(-c4c(Cl)cccc4Cl)noc3C(C)C)cc2)c1,2800.0,-3.4471580313422194,0,train
CC(C)c1onc(-c2c(Cl)cccc2Cl)c1COc1ccc(-c2cccc(CO)c2)cc1,830.0,-2.9190780923760737,0,train
CC(C)c1onc(-c2c(Cl)cccc2Cl)c1COc1ccc(-c2cccc(C(=O)O)c2)cc1,1400.0,-3.146128035678238,1,train
CC(C)c1onc(-c2c(Cl)cccc2Cl)c1COc1ccc(COc2cccc(CO)c2)cc1,670.0,-2.8260748027008264,1,train
CC(C)c1onc(-c2c(Cl)cccc2Cl)c1COc1ccc(COc2cccc(C#N)c2)cc1,5400.0,-3.7323937598229686,1,train
COC(=O)c1cccc(OCc2ccc(OCc3c(-c4c(Cl)cccc4Cl)noc3C(C)C)cc2)c1,1150.0,-3.060697840353612,0,train
CC(C)c1onc(-c2c(Cl)cccc2Cl)c1COc1ccc(COc2ccc(C(=O)O)cc2)cc1,300.0,-2.4771212547196626,1,train
CC(C)c1onc(-c2c(Cl)cccc2Cl)c1COc1ccc(COc2ccc(C#N)cc2)cc1,940.0,-2.9731278535996988,0,train
CC(C)c1onc(-c2c(Cl)cccc2Cl)c1COc1ccc(COc2cccc(C(=O)O)c2)cc1,460.0,-2.6627578316815743,1,test
CCn1c(-c2ccc(OCc3c(-c4c(Cl)cccc4Cl)noc3C(C)C)cc2)nc2ccc(C(=O)O)cc21,10.805,-1.03362477121926,0,train
CC(C)Cn1c(-c2ccc(OCc3c(-c4c(Cl)cccc4Cl)noc3C(C)C)cc2)nc2ccc(C(=O)O)cc21,14.98,-1.1755118133634477,0,test
CC(C)c1onc(-c2c(Cl)cccc2Cl)c1COc1ccc(-c2nc3ccc(C(=O)O)cc3n2CC(C)(C)C)cc1,18.9,-1.276461804173244,0,train
CC(C)c1onc(-c2c(Cl)cccc2Cl)c1COc1ccc(-c2nc3ccc(C(=O)O)cc3n2CC2CC2)cc1,24.25,-1.3847117429382825,1,train
CC(C)c1onc(-c2c(Cl)cccc2Cl)c1COc1ccc(-c2nc3ccc(C(=O)O)cc3n2CC2CCCCC2)cc1,10.21,-1.0090257420869102,1,train
CC(C)c1onc(-c2c(Cl)cccc2Cl)c1COc1ccc(-c2nc3ccc(C(=O)O)cc3n2-c2ccc(F)cc2)cc1,23.65,-1.3738311450738303,1,train
CC(C)c1onc(-c2c(Cl)cccc2Cl)c1COc1ccc(-c2nc3ccc(C(=O)O)cc3n2C2CCC2)cc1,14.4,-1.1583624920952498,1,test
CC(C)c1onc(-c2c(Cl)cccc2Cl)c1COc1ccc(-c2nc3ccc(C(=O)O)cc3n2C2CCCC2)cc1,13.6,-1.1335389083702174,1,train
CC(C)c1onc(-c2c(Cl)cccc2Cl)c1COc1ccc(-c2nc3ccc(C(=O)O)cc3n2C2CCCCC2)cc1,4.21,-0.6242820958356683,1,train
CC(=O)N1CCC(n2c(-c3ccc(OCc4c(-c5c(Cl)cccc5Cl)noc4C(C)C)cc3)nc3ccc(C(=O)O)cc32)CC1,1432.0,-3.1559430179718366,1,train
CC(=O)C1CCC(Cn2c(-c3ccc(OCc4c(-c5c(Cl)cccc5Cl)noc4C(C)C)cc3)nc3ccc(C(=O)O)cc32)CC1,1166.1,-3.0667357953509287,1,train
CC(C)c1onc(-c2c(Cl)cccc2Cl)c1COc1ccc(-c2nc3ccc(C(=O)O)cc3n2CC2CCCCC2)c(F)c1,7.8,-0.8920946026904804,0,train
CC(C)c1onc(-c2c(Cl)cccc2Cl)c1COc1ccc(-c2nc3ccc(C(=O)O)cc3n2C)c(Cl)c1,3.66,-0.5634810853944107,0,test
CC(C)c1onc(-c2c(Cl)cccc2Cl)c1COc1ccc(-c2nc3ccc(C(=O)O)cc3n2C)cc1Cl,19.0,-1.2787536009528289,0,train
CC(C)c1onc(-c2c(Cl)cccc2Cl)c1COc1ccc(-c2nc3cc(C(=O)O)ccc3n2C)cc1,25.8,-1.41161970596323,0,train
CC(C)c1onc(-c2c(Cl)cccc2Cl)c1COc1ccc(-c2nc3ccc(C(=O)O)cc3n2C)cc1,32.0,-1.505149978319906,1,train
CC(C)c1onc(-c2ccccc2)c1COc1ccc(CCCC(=O)O)cc1,31000.0,-4.491361693834273,0,train
CC(C)c1onc(-c2ccccc2)c1COc1ccc(Oc2ccc(C(=O)O)cc2)cc1,11000.0,-4.041392685158225,0,train
CC(C)c1onc(-c2ccccc2)c1COc1ccc(COc2ccc(C(=O)O)cc2)cc1,2300.0,-3.361727836017593,0,train
CC(C)c1onc(-c2ccccc2)c1COc1ccc(COc2ccc(CC(=O)O)cc2)cc1,11000.0,-4.041392685158225,0,test
CC(C)c1onc(-c2ccccc2Cl)c1COc1ccc(CCCC(=O)O)cc1,3800.0,-3.57978359661681,0,train
CC(C)c1onc(-c2ccccc2C(F)(F)F)c1COc1ccc(CCCC(=O)O)cc1,4400.0,-3.6434526764861874,0,test
CC(C)c1onc(-c2c(Cl)cccc2Cl)c1COc1ccc(CCCC(=O)O)cc1,6000.0,-3.778151250383644,0,train
Cc1cccc(C)c1-c1noc(C(C)C)c1COc1ccc(CCCC(=O)O)cc1,7700.0,-3.886490725172482,0,train
CC(C)c1onc(-c2ccccc2Cl)c1COc1ccc(COc2ccc(CC(=O)O)cc2)cc1,2500.0,-3.3979400086720375,0,test
CC(C)c1onc(-c2ccccc2Cl)c1COc1ccc(COc2ccc(OCC(=O)O)cc2)cc1,4700.0,-3.6720978579357175,0,test
CC(C)c1onc(-c2c(Cl)cccc2Cl)c1COc1ccc(COc2ccc(CC(=O)O)cc2)cc1,2000.0,-3.3010299956639813,0,train
CC(C)c1onc(-c2c(Cl)cccc2Cl)c1COc1ccc(CNc2ccc(CC(=O)O)cc2)cc1,1600.0,-3.204119982655925,0,train
Cc1cc(NCc2ccc(OCc3c(-c4c(Cl)cccc4Cl)noc3C(C)C)cc2)ccc1CC(=O)O,1200.0,-3.0791812460476247,0,train
CC(C)c1onc(-c2c(Cl)cccc2Cl)c1COc1ccc(COc2ccc(CC(=O)O)cc2)c(Cl)c1,800.0,-2.9030899869919438,0,train
CC(C)c1onc(-c2c(Cl)cccc2Cl)c1COc1ccc(CNc2ccc(CC(=O)O)cc2)c(Cl)c1,940.0,-2.9731278535996988,0,train
